ID,TIMESTAMP,ACTIVIDAD
3,2019-08-28 00:26:59,CREATE
3,2019-08-28 00:27:00,CREATE
4,2019-08-28 13:32:24,CREATE
4,2019-08-28 13:32:25,CREATE
5,2019-08-28 13:34:27,CREATE
5,2019-08-28 13:34:28,CREATE
7,2019-08-28 17:44:05,CREATE
7,2019-08-28 17:44:06,CREATE
10,2019-08-28 21:21:15,CREATE
10,2019-08-28 21:21:16,CREATE
10,2019-08-28 22:09:46,UPDATE
10,2019-08-28 22:11:03,UPDATE
11,2019-08-29 13:15:47,CREATE
11,2019-08-29 13:15:48,CREATE
12,2019-08-29 13:26:53,CREATE
12,2019-08-29 13:26:55,CREATE
12,2019-08-29 13:58:34,UPDATE
12,2019-08-29 13:58:46,UPDATE
11,2019-08-29 14:07:47,UPDATE
12,2019-08-29 14:14:03,RESOLUTION ADD
12,2019-08-29 14:14:03,UPDATE
12,2019-08-29 14:16:27,SOLUTIONASSOCIATION
3,2019-08-29 14:32:18,UPDATE
4,2019-08-29 14:34:15,UPDATE
11,2019-08-29 14:35:17,UPDATE
11,2019-08-29 14:44:14,RESOLUTION ADD
11,2019-08-29 14:44:14,UPDATE
12,2019-08-29 14:48:12,RESOLUTION UPDATE
12,2019-08-29 14:48:13,UPDATE
12,2019-08-29 14:48:55,UPDATE
11,2019-08-29 14:50:44,UPDATE
11,2019-08-29 14:51:34,RESOLUTION UPDATE
11,2019-08-29 14:51:34,UPDATE
5,2019-08-29 14:54:56,UPDATE
5,2019-08-29 14:55:25,RESOLUTION ADD
5,2019-08-29 14:55:25,UPDATE
15,2019-08-29 15:14:13,CREATE
15,2019-08-29 15:14:15,CREATE
16,2019-08-29 15:14:59,CREATE
16,2019-08-29 15:15:00,CREATE
15,2019-08-29 15:32:20,UPDATE
15,2019-08-29 15:35:53,RESOLUTION ADD
15,2019-08-29 15:36:00,UPDATE
15,2019-08-29 15:39:24,SOLUTIONASSOCIATION
17,2019-08-29 15:39:27,CREATE
17,2019-08-29 15:39:28,CREATE
12,2019-08-29 15:54:21,RESOLUTION UPDATE
12,2019-08-29 15:54:21,UPDATE
11,2019-08-29 15:56:45,RESOLUTION UPDATE
11,2019-08-29 15:56:45,UPDATE
11,2019-08-29 15:56:45,RESOLVED
11,2019-08-29 15:56:45,UPDATE
12,2019-08-29 15:59:11,RESOLUTION UPDATE
12,2019-08-29 15:59:11,UPDATE
12,2019-08-29 15:59:11,RESOLVED
12,2019-08-29 15:59:11,UPDATE
12,2019-08-29 15:59:45,SOLUTIONASSOCIATION
19,2019-08-29 16:02:31,CREATE
19,2019-08-29 16:02:32,CREATE
20,2019-08-29 16:09:30,CREATE
20,2019-08-29 16:09:32,CREATE
15,2019-08-29 16:12:54,RESOLUTION UPDATE
15,2019-08-29 16:12:55,UPDATE
15,2019-08-29 16:12:55,RESOLVED
15,2019-08-29 16:12:55,UPDATE
15,2019-08-29 16:13:12,SOLUTIONASSOCIATION
16,2019-08-29 16:24:12,UPDATE
16,2019-08-29 16:26:32,SOLUTIONASSOCIATION
16,2019-08-29 16:26:32,RESOLUTION ADD
16,2019-08-29 16:26:32,UPDATE
16,2019-08-29 16:28:07,RESOLUTION UPDATE
16,2019-08-29 16:28:07,UPDATE
16,2019-08-29 16:30:07,RESOLUTION UPDATE
16,2019-08-29 16:30:07,UPDATE
16,2019-08-29 16:30:18,SOLUTIONASSOCIATION
16,2019-08-29 16:30:53,RESOLUTION UPDATE
16,2019-08-29 16:30:53,UPDATE
16,2019-08-29 16:32:32,UPDATE
16,2019-08-29 16:33:05,RESOLUTION UPDATE
16,2019-08-29 16:33:05,UPDATE
16,2019-08-29 16:33:05,RESOLVED
16,2019-08-29 16:33:05,UPDATE
24,2019-08-29 16:40:02,CREATE
24,2019-08-29 16:40:04,CREATE
25,2019-08-29 16:42:10,CREATE
25,2019-08-29 16:42:11,CREATE
17,2019-08-29 16:55:58,UPDATE
26,2019-08-29 16:56:35,CREATE
26,2019-08-29 16:56:36,CREATE
27,2019-08-29 18:01:05,CREATE
27,2019-08-29 18:01:06,CREATE
28,2019-08-29 18:17:49,CREATE
28,2019-08-29 18:17:51,CREATE
27,2019-08-29 18:27:21,UPDATE
27,2019-08-29 18:27:27,UPDATE
27,2019-08-29 18:27:27,UPDATE
27,2019-08-29 18:27:34,UPDATE
27,2019-08-29 18:27:34,UPDATE
27,2019-08-29 18:30:01,UPDATE
29,2019-08-29 18:36:41,CREATE
29,2019-08-29 18:36:42,CREATE
29,2019-08-29 18:55:20,UPDATE
29,2019-08-29 18:58:06,RESOLUTION ADD
29,2019-08-29 18:58:07,RESOLUTION UPDATE
29,2019-08-29 18:58:07,RESOLUTION UPDATE
29,2019-08-29 18:58:14,UPDATE
29,2019-08-29 18:58:14,RESOLVED
29,2019-08-29 18:58:14,UPDATE
29,2019-08-29 18:58:19,UPDATE
29,2019-08-29 18:58:20,UPDATE
29,2019-08-29 18:59:17,SOLUTIONASSOCIATION
29,2019-08-29 19:05:53,SOLUTIONASSOCIATION
30,2019-08-29 19:41:12,CREATE
30,2019-08-29 19:41:14,CREATE
30,2019-08-29 19:44:48,UPDATE
30,2019-08-29 20:05:31,RESOLUTION ADD
30,2019-08-29 20:05:38,UPDATE
30,2019-08-29 20:05:38,RESOLVED
30,2019-08-29 20:05:38,UPDATE
30,2019-08-29 20:06:16,SOLUTIONASSOCIATION
32,2019-08-29 20:12:56,CREATE
32,2019-08-29 20:12:57,CREATE
3,2019-08-29 20:23:48,RESOLUTION ADD
3,2019-08-29 20:23:55,UPDATE
27,2019-08-29 20:24:06,UPDATE
27,2019-08-29 20:27:39,RESOLUTION ADD
27,2019-08-29 20:27:46,UPDATE
33,2019-08-29 20:28:16,CREATE
33,2019-08-29 20:28:16,CREATE
27,2019-08-29 20:28:40,UPDATE
3,2019-08-29 20:28:59,RESOLUTION UPDATE
3,2019-08-29 20:28:59,UPDATE
3,2019-08-29 20:28:59,RESOLVED
3,2019-08-29 20:28:59,UPDATE
27,2019-08-29 20:29:25,RESOLUTION UPDATE
27,2019-08-29 20:29:26,UPDATE
27,2019-08-29 20:30:36,UPDATE
27,2019-08-29 20:31:03,RESOLUTION UPDATE
27,2019-08-29 20:31:03,UPDATE
33,2019-08-29 20:31:03,UPDATE
27,2019-08-29 20:31:03,RESOLVED
27,2019-08-29 20:31:03,UPDATE
33,2019-08-29 20:41:52,RESOLUTION ADD
33,2019-08-29 20:41:57,UPDATE
33,2019-08-29 20:41:57,RESOLVED
33,2019-08-29 20:41:57,UPDATE
33,2019-08-29 20:43:39,SOLUTIONASSOCIATION
10,2019-08-29 21:17:38,SOLUTIONASSOCIATION
10,2019-08-29 21:17:38,RESOLUTION ADD
10,2019-08-29 21:17:43,UPDATE
10,2019-08-29 21:17:43,RESOLVED
10,2019-08-29 21:17:43,UPDATE
4,2019-08-29 21:18:46,RESOLUTION ADD
4,2019-08-29 21:18:51,UPDATE
4,2019-08-29 21:18:51,RESOLVED
4,2019-08-29 21:18:51,UPDATE
5,2019-08-29 21:21:28,UPDATE
5,2019-08-29 21:22:26,RESOLUTION UPDATE
5,2019-08-29 21:22:31,UPDATE
5,2019-08-29 21:22:31,RESOLVED
5,2019-08-29 21:22:31,UPDATE
34,2019-08-29 22:09:48,CREATE
34,2019-08-29 22:09:49,CREATE
35,2019-08-30 13:33:59,CREATE
35,2019-08-30 13:34:00,CREATE
35,2019-08-30 13:36:54,UPDATE
34,2019-08-30 14:30:58,RESOLUTION ADD
34,2019-08-30 14:31:04,UPDATE
34,2019-08-30 14:31:40,UPDATE
34,2019-08-30 14:32:07,RESOLUTION UPDATE
34,2019-08-30 14:32:07,UPDATE
34,2019-08-30 14:32:07,RESOLVED
34,2019-08-30 14:32:07,UPDATE
34,2019-08-30 14:32:23,SOLUTIONASSOCIATION
35,2019-08-30 14:33:17,RESOLUTION ADD
35,2019-08-30 14:33:23,UPDATE
35,2019-08-30 14:33:23,RESOLVED
35,2019-08-30 14:33:23,UPDATE
35,2019-08-30 14:33:37,SOLUTIONASSOCIATION
32,2019-08-30 14:36:21,UPDATE
32,2019-08-30 15:59:33,RESOLUTION ADD
32,2019-08-30 15:59:39,UPDATE
32,2019-08-30 15:59:39,RESOLVED
32,2019-08-30 15:59:39,UPDATE
32,2019-08-30 16:02:47,SOLUTIONASSOCIATION
36,2019-08-30 16:14:46,CREATE
36,2019-08-30 16:14:48,CREATE
37,2019-08-30 16:19:59,CREATE
37,2019-08-30 16:20:01,CREATE
36,2019-08-30 16:22:07,UPDATE
38,2019-08-30 16:24:15,CREATE
38,2019-08-30 16:24:16,CREATE
37,2019-08-30 16:24:48,UPDATE
36,2019-08-30 16:52:17,UPDATE
37,2019-08-30 18:44:17,SOLUTIONASSOCIATION
37,2019-08-30 18:44:17,RESOLUTION ADD
37,2019-08-30 18:44:23,UPDATE
37,2019-08-30 18:44:23,RESOLVED
37,2019-08-30 18:44:23,UPDATE
38,2019-08-30 18:51:12,RESOLUTION ADD
38,2019-08-30 18:51:17,RESOLUTION UPDATE
38,2019-08-30 18:51:18,UPDATE
38,2019-08-30 18:51:22,UPDATE
38,2019-08-30 18:51:45,RESOLUTION UPDATE
38,2019-08-30 18:51:45,UPDATE
38,2019-08-30 18:52:19,UPDATE
38,2019-08-30 18:52:51,RESOLUTION UPDATE
38,2019-08-30 18:52:52,UPDATE
38,2019-08-30 18:52:52,RESOLVED
38,2019-08-30 18:52:52,UPDATE
38,2019-08-30 18:53:03,SOLUTIONASSOCIATION
39,2019-08-30 19:28:50,CREATE
39,2019-08-30 19:28:51,CREATE
40,2019-08-30 19:31:36,CREATE
40,2019-08-30 19:31:38,CREATE
40,2019-08-30 19:54:02,UPDATE
39,2019-08-30 19:55:38,UPDATE
40,2019-08-30 19:58:44,DELETE
39,2019-08-30 19:58:44,DELETE
38,2019-08-30 19:58:45,DELETE
37,2019-08-30 19:58:45,DELETE
36,2019-08-30 19:58:45,DELETE
35,2019-08-30 19:58:45,DELETE
34,2019-08-30 19:58:45,DELETE
33,2019-08-30 19:58:45,DELETE
32,2019-08-30 19:58:45,DELETE
30,2019-08-30 19:58:45,DELETE
29,2019-08-30 19:58:46,DELETE
28,2019-08-30 19:58:46,DELETE
27,2019-08-30 19:58:46,DELETE
26,2019-08-30 19:58:46,DELETE
25,2019-08-30 19:58:46,DELETE
24,2019-08-30 19:58:46,DELETE
20,2019-08-30 19:58:46,DELETE
19,2019-08-30 19:58:46,DELETE
17,2019-08-30 19:58:46,DELETE
16,2019-08-30 19:58:46,DELETE
15,2019-08-30 19:58:56,DELETE
12,2019-08-30 19:58:57,DELETE
11,2019-08-30 19:58:57,DELETE
10,2019-08-30 19:58:57,DELETE
7,2019-08-30 19:58:57,DELETE
5,2019-08-30 19:58:57,DELETE
4,2019-08-30 19:58:57,DELETE
3,2019-08-30 19:58:57,DELETE
40,2019-08-30 20:27:37,RESTORE
39,2019-08-30 20:27:37,RESTORE
38,2019-08-30 20:27:37,RESTORE
37,2019-08-30 20:27:37,RESTORE
36,2019-08-30 20:27:37,RESTORE
35,2019-08-30 20:27:37,RESTORE
34,2019-08-30 20:27:37,RESTORE
33,2019-08-30 20:27:37,RESTORE
32,2019-08-30 20:27:37,RESTORE
30,2019-08-30 20:27:37,RESTORE
29,2019-08-30 20:27:37,RESTORE
28,2019-08-30 20:27:37,RESTORE
27,2019-08-30 20:27:37,RESTORE
26,2019-08-30 20:27:37,RESTORE
25,2019-08-30 20:27:37,RESTORE
24,2019-08-30 20:27:37,RESTORE
20,2019-08-30 20:27:37,RESTORE
19,2019-08-30 20:27:37,RESTORE
17,2019-08-30 20:27:38,RESTORE
16,2019-08-30 20:27:38,RESTORE
15,2019-08-30 20:27:47,RESTORE
12,2019-08-30 20:27:47,RESTORE
11,2019-08-30 20:27:47,RESTORE
10,2019-08-30 20:27:47,RESTORE
7,2019-08-30 20:27:47,RESTORE
5,2019-08-30 20:27:47,RESTORE
4,2019-08-30 20:27:47,RESTORE
3,2019-08-30 20:27:47,RESTORE
40,2019-08-30 20:51:00,SOLUTIONASSOCIATION
40,2019-08-30 20:51:00,RESOLUTION ADD
40,2019-08-30 20:51:06,UPDATE
40,2019-08-30 20:52:10,RESOLUTION UPDATE
40,2019-08-30 20:52:10,UPDATE
40,2019-08-30 20:52:32,UPDATE
40,2019-08-30 20:53:14,RESOLUTION UPDATE
40,2019-08-30 20:53:14,UPDATE
40,2019-08-30 20:53:14,RESOLVED
40,2019-08-30 20:53:14,UPDATE
39,2019-08-30 20:54:05,UPDATE
39,2019-08-30 20:55:03,RESOLUTION ADD
39,2019-08-30 20:55:04,UPDATE
39,2019-08-30 20:55:04,RESOLVED
39,2019-08-30 20:55:04,UPDATE
28,2019-08-30 20:56:50,UPDATE
28,2019-08-30 20:57:54,SOLUTIONASSOCIATION
28,2019-08-30 20:57:54,RESOLUTION ADD
28,2019-08-30 20:58:00,UPDATE
28,2019-08-30 21:26:41,UPDATE
28,2019-08-30 21:27:34,SOLUTIONASSOCIATION
28,2019-08-30 21:27:34,RESOLUTION UPDATE
28,2019-08-30 21:27:34,UPDATE
28,2019-08-30 21:27:35,RESOLVED
28,2019-08-30 21:27:35,UPDATE
26,2019-08-30 21:57:55,RESOLUTION ADD
26,2019-08-30 21:58:01,UPDATE
7,2019-09-02 12:19:15,UPDATE
7,2019-09-02 12:19:56,SOLUTIONASSOCIATION
7,2019-09-02 12:19:56,RESOLUTION ADD
7,2019-09-02 12:19:56,UPDATE
7,2019-09-02 12:19:56,RESOLVED
7,2019-09-02 12:19:56,UPDATE
17,2019-09-02 12:21:11,UPDATE
17,2019-09-02 12:21:43,SOLUTIONASSOCIATION
17,2019-09-02 12:21:43,RESOLUTION ADD
17,2019-09-02 12:21:43,UPDATE
17,2019-09-02 12:21:43,RESOLVED
17,2019-09-02 12:21:43,UPDATE
19,2019-09-02 12:22:41,UPDATE
19,2019-09-02 12:23:40,SOLUTIONASSOCIATION
19,2019-09-02 12:23:40,RESOLUTION ADD
19,2019-09-02 12:23:40,UPDATE
19,2019-09-02 12:23:40,RESOLVED
19,2019-09-02 12:23:40,UPDATE
20,2019-09-02 12:24:45,UPDATE
20,2019-09-02 12:25:39,SOLUTIONASSOCIATION
20,2019-09-02 12:25:39,RESOLUTION ADD
20,2019-09-02 12:25:39,UPDATE
20,2019-09-02 12:25:39,RESOLVED
20,2019-09-02 12:25:39,UPDATE
26,2019-09-02 12:27:37,UPDATE
26,2019-09-02 12:28:46,SOLUTIONASSOCIATION
26,2019-09-02 12:28:46,RESOLUTION UPDATE
26,2019-09-02 12:28:46,UPDATE
26,2019-09-02 12:28:47,RESOLVED
26,2019-09-02 12:28:47,UPDATE
25,2019-09-02 12:30:11,UPDATE
25,2019-09-02 12:31:06,UPDATE
25,2019-09-02 12:31:38,SOLUTIONASSOCIATION
25,2019-09-02 12:31:38,RESOLUTION ADD
25,2019-09-02 12:31:38,UPDATE
25,2019-09-02 12:31:38,RESOLVED
25,2019-09-02 12:31:38,UPDATE
24,2019-09-02 12:33:11,UPDATE
24,2019-09-02 12:34:43,SOLUTIONASSOCIATION
24,2019-09-02 12:34:43,RESOLUTION ADD
24,2019-09-02 12:34:43,UPDATE
24,2019-09-02 12:34:43,RESOLVED
24,2019-09-02 12:34:43,UPDATE
898,2019-09-02 17:54:32,CREATE
899,2019-09-02 17:54:33,CREATE
900,2019-09-02 17:54:34,CREATE
901,2019-09-02 17:54:34,CREATE
903,2019-09-02 17:54:35,CREATE
904,2019-09-02 17:54:36,CREATE
905,2019-09-02 17:54:37,CREATE
906,2019-09-02 17:54:37,CREATE
907,2019-09-02 17:54:38,CREATE
908,2019-09-02 17:54:38,CREATE
909,2019-09-02 17:54:38,CREATE
910,2019-09-02 17:54:39,CREATE
911,2019-09-02 17:54:39,CREATE
913,2019-09-02 17:54:40,CREATE
914,2019-09-02 17:54:40,CREATE
915,2019-09-02 17:54:40,CREATE
916,2019-09-02 17:54:41,CREATE
917,2019-09-02 17:54:41,CREATE
918,2019-09-02 17:54:48,CREATE
919,2019-09-02 17:54:48,CREATE
920,2019-09-02 17:54:50,CREATE
921,2019-09-02 17:54:50,CREATE
922,2019-09-02 17:54:50,CREATE
923,2019-09-02 17:54:50,CREATE
923,2019-09-02 18:09:43,UPDATE
998,2019-09-02 18:10:40,CREATE
998,2019-09-02 18:10:41,CREATE
1010,2019-09-02 18:20:32,CREATE
913,2019-09-02 18:24:24,UPDATE
911,2019-09-02 18:25:07,UPDATE
910,2019-09-02 18:25:27,UPDATE
1010,2019-09-02 18:26:02,UPDATE
901,2019-09-02 18:26:24,UPDATE
904,2019-09-02 18:30:08,UPDATE
903,2019-09-02 18:31:42,UPDATE
998,2019-09-02 18:32:44,UPDATE
923,2019-09-02 18:58:30,REQ_CONVER
1010,2019-09-02 19:09:56,UPDATE
904,2019-09-02 19:11:52,REQ_CONVER
1040,2019-09-02 19:22:01,CREATE
908,2019-09-02 19:27:06,REQ_CONVER
918,2019-09-02 19:31:03,DELETE
1040,2019-09-02 19:32:38,UPDATE
922,2019-09-02 19:34:17,UPDATE
921,2019-09-02 19:34:30,UPDATE
920,2019-09-02 19:40:09,UPDATE
923,2019-09-02 19:45:59,RESOLUTION ADD
923,2019-09-02 19:45:59,UPDATE
923,2019-09-02 19:45:59,RESOLVED
923,2019-09-02 19:45:59,UPDATE
917,2019-09-02 19:47:15,UPDATE
915,2019-09-02 19:53:43,UPDATE
915,2019-09-02 20:00:39,RESOLUTION ADD
915,2019-09-02 20:00:39,UPDATE
1041,2019-09-02 21:01:05,CREATE
1041,2019-09-02 21:03:26,UPDATE
916,2019-09-02 21:05:43,UPDATE
1040,2019-09-02 21:35:48,UPDATE
1042,2019-09-02 21:49:51,CREATE
1042,2019-09-02 21:49:52,REQ_CONVER
1043,2019-09-02 21:49:52,CREATE
918,2019-09-02 22:04:42,RESTORE
1042,2019-09-02 22:11:02,UPDATE
1042,2019-09-02 22:13:53,UPDATE
1045,2019-09-02 22:16:16,CREATE
1043,2019-09-02 22:20:43,UPDATE
1043,2019-09-02 22:21:57,UPDATE
1045,2019-09-02 22:31:25,RESOLUTION ADD
1045,2019-09-02 22:31:25,UPDATE
1045,2019-09-02 22:33:39,UPDATE
1040,2019-09-02 22:45:37,ADD_requesttask
1043,2019-09-03 03:34:03,REQ_CONVER
1045,2019-09-03 12:33:48,UPDATE
1045,2019-09-03 12:37:10,UPDATE
1045,2019-09-03 12:38:10,UPDATE
1042,2019-09-03 12:42:12,UPDATE
1040,2019-09-03 12:43:42,UPDATE
1042,2019-09-03 12:45:30,RESOLUTION ADD
1042,2019-09-03 12:45:30,UPDATE
1042,2019-09-03 12:45:30,RESOLVED
1042,2019-09-03 12:45:30,UPDATE
36,2019-09-03 12:46:07,UPDATE
1041,2019-09-03 12:47:18,RESOLUTION ADD
1041,2019-09-03 12:47:18,UPDATE
1041,2019-09-03 12:49:06,UPDATE
1041,2019-09-03 12:49:41,UPDATE
1041,2019-09-03 12:49:41,RESOLVED
1041,2019-09-03 12:49:41,UPDATE
898,2019-09-03 12:51:04,UPDATE
898,2019-09-03 12:51:55,UPDATE
898,2019-09-03 12:53:06,UPDATE
998,2019-09-03 12:53:07,RESOLUTION ADD
998,2019-09-03 12:53:07,UPDATE
998,2019-09-03 12:53:07,COMPLETED
898,2019-09-03 12:53:16,UPDATE
900,2019-09-03 12:55:38,UPDATE
900,2019-09-03 12:55:46,UPDATE
903,2019-09-03 12:57:01,UPDATE
1043,2019-09-03 12:59:42,RESOLUTION ADD
1043,2019-09-03 12:59:42,UPDATE
1043,2019-09-03 12:59:42,RESOLVED
1043,2019-09-03 12:59:42,UPDATE
919,2019-09-03 13:02:46,RESOLUTION ADD
919,2019-09-03 13:02:46,UPDATE
919,2019-09-03 13:02:58,UPDATE
918,2019-09-03 13:04:58,RESOLUTION ADD
918,2019-09-03 13:04:59,UPDATE
905,2019-09-03 13:05:05,UPDATE
918,2019-09-03 13:05:12,UPDATE
914,2019-09-03 13:08:23,UPDATE
905,2019-09-03 13:09:27,UPDATE
909,2019-09-03 13:10:17,UPDATE
905,2019-09-03 13:10:53,UPDATE
911,2019-09-03 13:11:32,UPDATE
908,2019-09-03 13:13:09,UPDATE
909,2019-09-03 13:13:11,UPDATE
906,2019-09-03 13:13:58,UPDATE
907,2019-09-03 13:15:04,UPDATE
907,2019-09-03 13:15:38,UPDATE
907,2019-09-03 13:15:48,UPDATE
911,2019-09-03 13:16:09,UPDATE
911,2019-09-03 13:23:46,RESOLUTION ADD
911,2019-09-03 13:23:46,UPDATE
911,2019-09-03 13:30:18,UPDATE
911,2019-09-03 13:31:12,UPDATE
911,2019-09-03 13:32:05,UPDATE
911,2019-09-03 13:35:26,UPDATE
911,2019-09-03 13:35:39,UPDATE
903,2019-09-03 13:39:19,UPDATE
915,2019-09-03 13:41:03,UPDATE
915,2019-09-03 13:41:51,UPDATE
915,2019-09-03 13:42:34,UPDATE
915,2019-09-03 13:58:08,UPDATE
900,2019-09-03 13:58:14,SLA_VIOLATION
915,2019-09-03 13:58:30,UPDATE
915,2019-09-03 13:58:30,RESOLVED
915,2019-09-03 13:58:30,UPDATE
1010,2019-09-03 14:03:04,RESOLUTION ADD
1010,2019-09-03 14:03:04,UPDATE
1010,2019-09-03 14:03:52,UPDATE
1010,2019-09-03 14:04:08,UPDATE
1010,2019-09-03 14:04:22,UPDATE
1010,2019-09-03 14:04:59,UPDATE
1010,2019-09-03 14:04:59,CLOSE
1010,2019-09-03 14:04:59,UPDATE
916,2019-09-03 14:06:03,RESOLUTION ADD
916,2019-09-03 14:06:03,UPDATE
916,2019-09-03 14:06:31,UPDATE
916,2019-09-03 14:06:31,CLOSE
916,2019-09-03 14:06:31,UPDATE
900,2019-09-03 14:06:58,UPDATE
907,2019-09-03 14:17:25,CREATE
909,2019-09-03 14:24:03,UPDATE
909,2019-09-03 14:28:08,UPDATE
909,2019-09-03 14:28:34,UPDATE
909,2019-09-03 14:30:24,UPDATE
905,2019-09-03 14:33:47,UPDATE
909,2019-09-03 14:34:12,UPDATE
909,2019-09-03 14:35:04,UPDATE
909,2019-09-03 14:36:05,CREATE
903,2019-09-03 14:37:43,UPDATE
903,2019-09-03 14:47:06,UPDATE
1048,2019-09-03 14:52:35,CREATE
909,2019-09-03 14:53:37,UPDATE
1048,2019-09-03 14:59:26,UPDATE
909,2019-09-03 15:24:49,UPDATE
909,2019-09-03 15:25:16,REQ_CONVER
905,2019-09-03 15:25:22,UPDATE
905,2019-09-03 15:26:18,REQ_CONVER
904,2019-09-03 15:33:37,CREATE
903,2019-09-03 15:33:54,CREATE
907,2019-09-03 15:38:24,UPDATE
907,2019-09-03 15:39:14,UPDATE
903,2019-09-03 15:40:01,CREATE
904,2019-09-03 15:40:41,UPDATE
904,2019-09-03 15:41:45,RESOLUTION ADD
904,2019-09-03 15:41:45,UPDATE
904,2019-09-03 15:42:02,UPDATE
904,2019-09-03 15:44:50,CLOSE
904,2019-09-03 15:44:50,UPDATE
903,2019-09-03 15:46:21,UPDATE
903,2019-09-03 15:47:01,RESOLUTION ADD
903,2019-09-03 15:47:01,UPDATE
903,2019-09-03 15:47:21,UPDATE
903,2019-09-03 15:47:42,UPDATE
903,2019-09-03 15:47:42,RESOLVED
903,2019-09-03 15:47:42,UPDATE
904,2019-09-03 15:48:35,RESOLUTION UPDATE
904,2019-09-03 15:48:35,UPDATE
904,2019-09-03 15:48:35,RESOLVED
904,2019-09-03 15:48:35,UPDATE
907,2019-09-03 15:49:49,UPDATE
898,2019-09-03 15:49:56,RESOLUTION ADD
898,2019-09-03 15:49:57,UPDATE
907,2019-09-03 15:50:35,UPDATE
907,2019-09-03 15:50:48,UPDATE
898,2019-09-03 15:51:09,RESOLUTION UPDATE
898,2019-09-03 15:51:09,UPDATE
898,2019-09-03 15:52:27,UPDATE
898,2019-09-03 15:54:36,RESOLUTION UPDATE
898,2019-09-03 15:54:36,UPDATE
898,2019-09-03 15:54:36,RESOLVED
898,2019-09-03 15:54:36,UPDATE
1050,2019-09-03 15:54:45,CREATE
907,2019-09-03 15:56:44,UPDATE
907,2019-09-03 15:59:00,CREATE
3,2019-09-03 16:02:25,UPDATE
4,2019-09-03 16:04:27,UPDATE
12,2019-09-03 16:07:04,CLOSE
1050,2019-09-03 16:08:03,UPDATE
1050,2019-09-03 16:08:48,UPDATE
1050,2019-09-03 16:09:47,RESOLUTION ADD
1050,2019-09-03 16:09:47,UPDATE
1050,2019-09-03 16:09:47,RESOLVED
1050,2019-09-03 16:09:47,UPDATE
5,2019-09-03 16:11:16,UPDATE
7,2019-09-03 16:13:55,UPDATE
1052,2019-09-03 16:14:06,CREATE
10,2019-09-03 16:17:04,UPDATE
11,2019-09-03 16:19:26,UPDATE
899,2019-09-03 16:22:18,UPDATE
899,2019-09-03 16:22:48,UPDATE
12,2019-09-03 16:24:13,UPDATE
1052,2019-09-03 16:32:45,UPDATE
1052,2019-09-03 16:33:05,UPDATE
1052,2019-09-03 16:33:59,RESOLUTION ADD
1052,2019-09-03 16:33:59,UPDATE
1052,2019-09-03 16:34:00,RESOLVED
1052,2019-09-03 16:34:00,UPDATE
15,2019-09-03 16:36:12,UPDATE
1053,2019-09-03 16:40:16,CREATE
17,2019-09-03 16:40:46,UPDATE
1053,2019-09-03 16:48:56,UPDATE
1053,2019-09-03 16:49:39,REQ_CONVER
19,2019-09-03 16:52:27,UPDATE
1054,2019-09-03 17:02:17,CREATE
1054,2019-09-03 17:02:18,CREATE
15,2019-09-03 17:07:04,CLOSE
16,2019-09-03 17:07:04,CLOSE
1054,2019-09-03 17:16:02,UPDATE
1055,2019-09-03 17:18:04,CREATE
1055,2019-09-03 17:21:15,UPDATE
1055,2019-09-03 17:21:48,UPDATE
1055,2019-09-03 17:30:17,UPDATE
1055,2019-09-03 17:31:30,RESOLUTION ADD
1055,2019-09-03 17:31:30,UPDATE
1055,2019-09-03 17:31:31,RESOLVED
1055,2019-09-03 17:31:31,UPDATE
1058,2019-09-03 17:54:39,CREATE
905,2019-09-03 17:56:41,RESOLUTION ADD
905,2019-09-03 17:56:41,UPDATE
905,2019-09-03 17:56:41,RESOLVED
905,2019-09-03 17:56:41,UPDATE
1058,2019-09-03 18:00:30,UPDATE
1059,2019-09-03 18:00:48,CREATE
1058,2019-09-03 18:00:58,UPDATE
1059,2019-09-03 18:03:26,UPDATE
1059,2019-09-03 18:03:42,UPDATE
899,2019-09-03 18:04:53,RESOLUTION ADD
899,2019-09-03 18:04:54,UPDATE
899,2019-09-03 18:04:54,RESOLVED
899,2019-09-03 18:04:54,UPDATE
1053,2019-09-03 18:09:40,CREATE
909,2019-09-03 18:11:18,CREATE
1045,2019-09-03 18:18:16,SLA_VIOLATION
1060,2019-09-03 18:21:51,CREATE
1060,2019-09-03 18:21:52,CREATE
1061,2019-09-03 18:28:27,CREATE
1062,2019-09-03 18:33:38,CREATE
1062,2019-09-03 18:34:33,REQ_CONVER
1063,2019-09-03 18:36:44,COPY
1063,2019-09-03 18:37:10,UPDATE
1063,2019-09-03 18:37:36,REQ_CONVER
1064,2019-09-03 18:38:47,COPY
1064,2019-09-03 18:39:19,UPDATE
1064,2019-09-03 18:39:40,REQ_CONVER
29,2019-09-03 19:07:04,CLOSE
1065,2019-09-03 19:16:01,CREATE
1061,2019-09-03 19:25:57,UPDATE
30,2019-09-03 20:07:04,CLOSE
1054,2019-09-03 20:09:17,RESOLUTION ADD
1054,2019-09-03 20:09:17,UPDATE
1054,2019-09-03 20:09:18,RESOLVED
1054,2019-09-03 20:09:18,UPDATE
1066,2019-09-03 20:10:30,CREATE
19,2019-09-03 20:10:35,RESOLUTION UPDATE
19,2019-09-03 20:10:35,UPDATE
19,2019-09-03 20:10:35,RESOLVED
19,2019-09-03 20:10:35,UPDATE
1067,2019-09-03 20:12:33,CREATE
39,2019-09-03 20:25:44,UPDATE
1067,2019-09-03 20:26:49,ADD_requestworklog
1068,2019-09-03 20:27:15,CREATE
38,2019-09-03 20:28:48,UPDATE
35,2019-09-03 20:38:44,UPDATE
34,2019-09-03 20:42:09,UPDATE
35,2019-09-03 20:43:30,RESOLUTION UPDATE
35,2019-09-03 20:43:30,UPDATE
35,2019-09-03 20:43:30,RESOLVED
35,2019-09-03 20:43:30,UPDATE
33,2019-09-03 20:45:10,UPDATE
32,2019-09-03 20:47:02,UPDATE
1069,2019-09-03 20:47:47,CREATE
1069,2019-09-03 20:47:48,CREATE
1067,2019-09-03 20:48:42,UPDATE
30,2019-09-03 20:49:49,UPDATE
30,2019-09-03 20:50:41,RESOLUTION UPDATE
30,2019-09-03 20:50:41,UPDATE
30,2019-09-03 20:50:41,RESOLVED
30,2019-09-03 20:50:41,UPDATE
29,2019-09-03 20:54:56,UPDATE
29,2019-09-03 20:54:56,RESOLVED
29,2019-09-03 20:54:56,UPDATE
1068,2019-09-03 21:00:49,UPDATE
1068,2019-09-03 21:01:02,UPDATE
1066,2019-09-03 21:02:13,UPDATE
1066,2019-09-03 21:02:23,UPDATE
1070,2019-09-03 21:04:03,CREATE
1070,2019-09-03 21:04:49,UPDATE
1070,2019-09-03 21:05:08,UPDATE
3,2019-09-03 21:07:04,CLOSE
27,2019-09-03 21:07:04,CLOSE
33,2019-09-03 21:07:04,CLOSE
27,2019-09-03 21:10:54,UPDATE
1062,2019-09-03 21:13:23,UPDATE
26,2019-09-03 21:15:34,UPDATE
25,2019-09-03 21:17:04,UPDATE
1071,2019-09-03 21:21:18,CREATE
24,2019-09-03 21:21:23,UPDATE
27,2019-09-03 21:23:38,RESOLUTION UPDATE
1066,2019-09-03 21:23:41,RESOLUTION ADD
1066,2019-09-03 21:23:41,UPDATE
1068,2019-09-03 21:24:34,RESOLUTION ADD
1068,2019-09-03 21:24:34,UPDATE
20,2019-09-03 21:25:20,UPDATE
1053,2019-09-03 21:25:30,ADD_requestworklog
20,2019-09-03 21:25:43,UPDATE
1062,2019-09-03 21:29:03,ADD_requestworklog
1063,2019-09-03 21:30:53,UPDATE
27,2019-09-03 21:31:46,UPDATE
1063,2019-09-03 21:32:25,UPDATE
1064,2019-09-03 21:33:46,UPDATE
27,2019-09-03 21:34:31,UPDATE
1063,2019-09-03 21:35:49,UPDATE
1064,2019-09-03 21:36:06,UPDATE
27,2019-09-03 21:36:29,UPDATE
1072,2019-09-03 21:40:16,CREATE
1071,2019-09-03 21:41:04,UPDATE
1071,2019-09-03 21:42:19,UPDATE
1073,2019-09-03 21:43:05,COPY
1073,2019-09-03 21:43:26,UPDATE
1074,2019-09-03 21:48:50,CREATE
1073,2019-09-03 21:49:17,UPDATE
27,2019-09-03 21:52:29,UPDATE
1075,2019-09-03 21:52:42,COPY
27,2019-09-03 21:52:51,UPDATE
1075,2019-09-03 21:53:28,UPDATE
1075,2019-09-03 21:53:52,UPDATE
1076,2019-09-03 21:55:23,COPY
27,2019-09-03 21:57:39,CREATE
27,2019-09-03 21:58:36,UPDATE
27,2019-09-03 21:58:53,UPDATE
1077,2019-09-03 22:03:52,CREATE
4,2019-09-03 22:07:06,CLOSE
5,2019-09-03 22:07:06,CLOSE
10,2019-09-03 22:07:06,CLOSE
1078,2019-09-03 22:09:59,CREATE
1079,2019-09-03 22:32:05,COPY
1078,2019-09-03 22:32:26,UPDATE
1078,2019-09-03 22:33:31,UPDATE
1077,2019-09-03 22:35:25,UPDATE
1067,2019-09-03 22:38:10,RESOLUTION ADD
1067,2019-09-03 22:38:10,UPDATE
1067,2019-09-03 22:38:40,UPDATE
1067,2019-09-03 22:39:26,RESOLUTION UPDATE
1067,2019-09-03 22:39:26,UPDATE
1067,2019-09-03 22:39:26,RESOLVED
1067,2019-09-03 22:39:26,UPDATE
1080,2019-09-03 23:14:03,CREATE
1081,2019-09-04 12:03:53,CREATE
1082,2019-09-04 12:04:56,CREATE
1083,2019-09-04 12:05:58,CREATE
27,2019-09-04 12:41:23,UPDATE
1054,2019-09-04 12:51:38,UPDATE
1085,2019-09-04 13:20:17,CREATE
1085,2019-09-04 13:20:21,CREATE
1086,2019-09-04 13:32:55,CREATE
1087,2019-09-04 13:37:00,CREATE
1085,2019-09-04 13:38:09,UPDATE
1088,2019-09-04 13:49:12,CREATE
1085,2019-09-04 13:49:20,RESOLUTION ADD
1085,2019-09-04 13:49:20,UPDATE
1085,2019-09-04 13:49:20,RESOLVED
1085,2019-09-04 13:49:20,UPDATE
1058,2019-09-04 14:03:55,UPDATE
1058,2019-09-04 14:06:48,UPDATE
1060,2019-09-04 14:08:50,UPDATE
1089,2019-09-04 14:10:14,CREATE
1069,2019-09-04 14:12:03,UPDATE
907,2019-09-04 14:13:24,RESOLUTION ADD
907,2019-09-04 14:13:24,UPDATE
907,2019-09-04 14:13:24,RESOLVED
907,2019-09-04 14:13:24,UPDATE
1069,2019-09-04 14:14:27,UPDATE
1065,2019-09-04 14:17:46,UPDATE
1071,2019-09-04 14:20:42,UPDATE
1078,2019-09-04 14:22:35,UPDATE
1090,2019-09-04 14:36:56,CREATE
1053,2019-09-04 14:43:23,FR_SLA_VIOLATION
1091,2019-09-04 14:44:08,CREATE
1085,2019-09-04 14:51:25,CLOSE
1092,2019-09-04 15:05:11,CREATE
34,2019-09-04 15:07:06,CLOSE
901,2019-09-04 15:12:16,UPDATE
901,2019-09-04 15:12:44,REQ_CONVER
901,2019-09-04 15:14:15,UPDATE
906,2019-09-04 15:22:07,UPDATE
1093,2019-09-04 15:24:55,CREATE
1094,2019-09-04 15:24:56,CREATE
1095,2019-09-04 15:26:59,CREATE
1096,2019-09-04 15:27:49,CREATE
1096,2019-09-04 15:28:07,UPDATE
908,2019-09-04 15:33:18,UPDATE
1045,2019-09-04 15:44:17,RESOLUTION UPDATE
1045,2019-09-04 15:44:17,UPDATE
1045,2019-09-04 15:44:17,RESOLVED
1045,2019-09-04 15:44:17,UPDATE
911,2019-09-04 15:55:24,CREATE
1098,2019-09-04 16:06:06,CREATE
1099,2019-09-04 16:06:39,CREATE
1098,2019-09-04 16:06:40,REQ_CONVER
32,2019-09-04 16:07:06,CLOSE
1100,2019-09-04 16:11:46,CREATE
1100,2019-09-04 16:12:46,REQ_CONVER
1099,2019-09-04 16:14:03,UPDATE
1099,2019-09-04 16:14:50,REQ_CONVER
901,2019-09-04 16:16:09,RESOLVED
901,2019-09-04 16:16:09,UPDATE
1061,2019-09-04 16:18:31,ADD_requesttask
910,2019-09-04 16:19:12,UPDATE
1061,2019-09-04 16:19:23,UPDATE
918,2019-09-04 16:25:10,UPDATE
918,2019-09-04 16:25:31,UPDATE
918,2019-09-04 16:26:01,REQ_CONVER
921,2019-09-04 16:26:18,UPDATE
911,2019-09-04 16:26:36,UPDATE
922,2019-09-04 16:26:46,UPDATE
921,2019-09-04 16:27:03,REQ_CONVER
922,2019-09-04 16:27:03,REQ_CONVER
1048,2019-09-04 16:28:27,RESOLUTION ADD
1048,2019-09-04 16:28:28,UPDATE
1048,2019-09-04 16:28:49,UPDATE
1048,2019-09-04 16:29:13,RESOLUTION UPDATE
1048,2019-09-04 16:29:13,UPDATE
1048,2019-09-04 16:29:13,COMPLETED
1080,2019-09-04 16:29:50,UPDATE
1058,2019-09-04 16:30:31,RESOLUTION ADD
1058,2019-09-04 16:30:32,UPDATE
1058,2019-09-04 16:30:32,RESOLVED
1058,2019-09-04 16:30:32,UPDATE
1093,2019-09-04 16:30:34,UPDATE
1094,2019-09-04 16:31:37,UPDATE
1095,2019-09-04 16:32:42,UPDATE
918,2019-09-04 16:33:28,UPDATE
1093,2019-09-04 16:34:11,UPDATE
918,2019-09-04 16:35:04,UPDATE
918,2019-09-04 16:35:04,RESOLVED
918,2019-09-04 16:35:04,UPDATE
1093,2019-09-04 16:35:06,UPDATE
1083,2019-09-04 16:35:30,UPDATE
1086,2019-09-04 16:35:40,UPDATE
1087,2019-09-04 16:35:50,UPDATE
911,2019-09-04 16:36:36,UPDATE
1088,2019-09-04 16:37:07,UPDATE
1089,2019-09-04 16:37:40,UPDATE
1091,2019-09-04 16:37:52,UPDATE
1082,2019-09-04 16:39:10,UPDATE
1082,2019-09-04 16:39:43,RESOLUTION ADD
1082,2019-09-04 16:39:44,UPDATE
1082,2019-09-04 16:40:02,UPDATE
1101,2019-09-04 16:40:17,CREATE
1082,2019-09-04 16:40:45,RESOLUTION UPDATE
1082,2019-09-04 16:40:45,UPDATE
1082,2019-09-04 16:40:45,COMPLETED
1090,2019-09-04 16:41:00,UPDATE
1083,2019-09-04 16:41:45,UPDATE
1083,2019-09-04 16:42:08,RESOLUTION ADD
1083,2019-09-04 16:42:08,UPDATE
1083,2019-09-04 16:42:08,COMPLETED
1098,2019-09-04 16:42:51,UPDATE
1098,2019-09-04 16:43:45,UPDATE
1089,2019-09-04 16:46:07,UPDATE
1071,2019-09-04 16:47:00,UPDATE
1078,2019-09-04 16:47:33,UPDATE
1078,2019-09-04 16:48:21,RESOLUTION ADD
1078,2019-09-04 16:48:21,UPDATE
1078,2019-09-04 16:48:21,RESOLVED
1078,2019-09-04 16:48:21,UPDATE
1088,2019-09-04 16:48:27,CREATE
1095,2019-09-04 16:52:29,RESOLUTION ADD
1095,2019-09-04 16:52:29,UPDATE
1095,2019-09-04 16:52:29,RESOLVED
1095,2019-09-04 16:52:29,UPDATE
1086,2019-09-04 16:52:43,UPDATE
1102,2019-09-04 16:54:14,CREATE
1093,2019-09-04 16:55:58,RESOLUTION ADD
1093,2019-09-04 16:55:58,UPDATE
1093,2019-09-04 16:55:58,RESOLVED
1093,2019-09-04 16:55:58,UPDATE
1094,2019-09-04 16:56:23,RESOLUTION ADD
1094,2019-09-04 16:56:23,UPDATE
1094,2019-09-04 16:56:23,RESOLVED
1094,2019-09-04 16:56:23,UPDATE
1069,2019-09-04 16:58:20,UPDATE
1080,2019-09-04 16:59:40,RESOLUTION ADD
1080,2019-09-04 16:59:41,UPDATE
1080,2019-09-04 16:59:41,RESOLVED
1080,2019-09-04 16:59:41,UPDATE
1086,2019-09-04 17:00:28,ADD_requesttask
914,2019-09-04 17:00:54,RESOLUTION ADD
914,2019-09-04 17:00:54,UPDATE
914,2019-09-04 17:00:54,RESOLVED
914,2019-09-04 17:00:54,UPDATE
1086,2019-09-04 17:02:23,DELETE_requesttask
1086,2019-09-04 17:02:50,ADD_requestworklog
1086,2019-09-04 17:03:30,CREATE
1103,2019-09-04 17:03:44,CREATE
1104,2019-09-04 17:03:44,CREATE
36,2019-09-04 17:03:50,RESOLUTION ADD
36,2019-09-04 17:03:50,UPDATE
36,2019-09-04 17:03:50,RESOLVED
36,2019-09-04 17:03:50,UPDATE
1089,2019-09-04 17:04:41,UPDATE
1086,2019-09-04 17:07:08,CREATE
1098,2019-09-04 17:07:19,UPDATE
1086,2019-09-04 17:08:11,CREATE
1105,2019-09-04 17:10:32,CREATE
1105,2019-09-04 17:19:24,UPDATE
1102,2019-09-04 17:22:04,CREATE
1071,2019-09-04 17:23:24,SLA_VIOLATION
1106,2019-09-04 17:35:44,CREATE
1081,2019-09-04 17:36:20,CREATE
1081,2019-09-04 17:36:41,UPDATE
1086,2019-09-04 17:37:23,UPDATE
1087,2019-09-04 17:38:24,UPDATE
1088,2019-09-04 17:39:05,UPDATE
1103,2019-09-04 17:40:53,UPDATE
1103,2019-09-04 17:41:07,CREATE
1107,2019-09-04 17:42:49,CREATE
1104,2019-09-04 17:42:50,UPDATE
1104,2019-09-04 17:43:45,CREATE
1101,2019-09-04 17:44:44,UPDATE
1101,2019-09-04 17:45:28,UPDATE
1101,2019-09-04 17:45:37,UPDATE
1101,2019-09-04 17:46:34,RESOLUTION ADD
1101,2019-09-04 17:46:34,UPDATE
1101,2019-09-04 17:46:34,CLOSE
1101,2019-09-04 17:46:34,UPDATE
1108,2019-09-04 17:48:09,CREATE
1109,2019-09-04 17:58:47,CREATE
1110,2019-09-04 18:06:38,CREATE
909,2019-09-04 18:07:44,UPDATE
921,2019-09-04 18:11:45,RESOLUTION ADD
921,2019-09-04 18:11:45,UPDATE
921,2019-09-04 18:12:01,UPDATE
921,2019-09-04 18:12:28,RESOLUTION UPDATE
921,2019-09-04 18:12:28,UPDATE
921,2019-09-04 18:12:29,RESOLVED
921,2019-09-04 18:12:29,UPDATE
921,2019-09-04 18:16:14,RESOLUTION UPDATE
921,2019-09-04 18:16:14,UPDATE
922,2019-09-04 18:16:40,UPDATE
922,2019-09-04 18:17:09,RESOLUTION ADD
922,2019-09-04 18:17:09,UPDATE
922,2019-09-04 18:17:09,RESOLVED
922,2019-09-04 18:17:09,UPDATE
1040,2019-09-04 18:18:42,UPDATE
1053,2019-09-04 18:19:45,UPDATE
1060,2019-09-04 18:20:36,UPDATE
1065,2019-09-04 18:21:23,UPDATE
1096,2019-09-04 18:26:21,RESOLUTION ADD
1096,2019-09-04 18:26:21,UPDATE
1111,2019-09-04 18:37:23,CREATE
1071,2019-09-04 18:41:26,UPDATE
1071,2019-09-04 18:42:29,REQ_CONVER
1071,2019-09-04 18:44:02,UPDATE
1112,2019-09-04 18:45:15,CREATE
1112,2019-09-04 18:45:16,RESOLVED
1099,2019-09-04 18:46:00,UPDATE
1098,2019-09-04 18:48:02,UPDATE
909,2019-09-04 18:53:23,RESOLUTION ADD
909,2019-09-04 18:53:23,UPDATE
909,2019-09-04 18:53:23,RESOLVED
909,2019-09-04 18:53:23,UPDATE
910,2019-09-04 18:54:38,UPDATE
1111,2019-09-04 19:00:40,UPDATE
1109,2019-09-04 19:02:21,UPDATE
1109,2019-09-04 19:03:03,UPDATE
1109,2019-09-04 19:05:42,UPDATE
1111,2019-09-04 19:06:27,UPDATE
37,2019-09-04 19:07:06,CLOSE
38,2019-09-04 19:07:06,CLOSE
1111,2019-09-04 19:07:10,RESOLUTION ADD
1111,2019-09-04 19:07:10,UPDATE
1111,2019-09-04 19:07:10,RESOLVED
1111,2019-09-04 19:07:10,UPDATE
1088,2019-09-04 19:07:31,UPDATE
1089,2019-09-04 19:07:41,UPDATE
1060,2019-09-04 19:08:40,UPDATE
1091,2019-09-04 19:10:14,UPDATE
1089,2019-09-04 19:11:39,UPDATE
1109,2019-09-04 19:22:40,UPDATE
906,2019-09-04 19:23:07,UPDATE
908,2019-09-04 19:23:26,UPDATE
919,2019-09-04 19:28:36,UPDATE
919,2019-09-04 19:29:17,REQ_CONVER
1092,2019-09-04 19:29:23,UPDATE
1113,2019-09-04 19:40:29,CREATE
1114,2019-09-04 19:44:34,CREATE
1113,2019-09-04 19:45:45,UPDATE
1091,2019-09-04 19:49:56,UPDATE
1114,2019-09-04 19:53:46,UPDATE
1071,2019-09-04 20:02:36,UPDATE
1091,2019-09-04 20:05:05,RESOLUTION ADD
1091,2019-09-04 20:05:05,UPDATE
1091,2019-09-04 20:05:41,UPDATE
1115,2019-09-04 20:05:55,CREATE
1091,2019-09-04 20:06:06,ATT_ADD
1091,2019-09-04 20:06:32,RESOLUTION UPDATE
1091,2019-09-04 20:06:32,UPDATE
1091,2019-09-04 20:06:32,RESOLVED
1091,2019-09-04 20:06:32,UPDATE
1115,2019-09-04 20:15:00,UPDATE
1066,2019-09-04 20:15:26,ATT_ADD
1066,2019-09-04 20:16:02,RESOLUTION UPDATE
1066,2019-09-04 20:16:02,UPDATE
1066,2019-09-04 20:16:03,RESOLVED
1066,2019-09-04 20:16:03,UPDATE
1068,2019-09-04 20:17:13,RESOLUTION UPDATE
1068,2019-09-04 20:17:13,UPDATE
1068,2019-09-04 20:17:13,RESOLVED
1068,2019-09-04 20:17:13,UPDATE
1116,2019-09-04 20:18:11,CREATE
1117,2019-09-04 20:19:14,CREATE
1115,2019-09-04 20:27:44,UPDATE
1117,2019-09-04 20:29:11,RESOLUTION ADD
1117,2019-09-04 20:29:11,UPDATE
1117,2019-09-04 20:30:56,UPDATE
1117,2019-09-04 20:30:56,CLOSE
1117,2019-09-04 20:30:56,UPDATE
1071,2019-09-04 20:38:17,UPDATE
1116,2019-09-04 20:47:37,UPDATE
1088,2019-09-04 20:54:44,UPDATE
1118,2019-09-04 21:04:33,CREATE
1119,2019-09-04 21:07:00,CREATE
39,2019-09-04 21:07:06,CLOSE
40,2019-09-04 21:07:06,CLOSE
1099,2019-09-04 21:11:44,UPDATE
1119,2019-09-04 21:12:30,RESOLUTION ADD
1119,2019-09-04 21:12:30,UPDATE
1119,2019-09-04 21:14:13,UPDATE
1119,2019-09-04 21:14:13,RESOLVED
1119,2019-09-04 21:14:13,UPDATE
1119,2019-09-04 21:15:09,REQ_CONVER
1119,2019-09-04 21:15:09,FCR
1118,2019-09-04 21:16:37,UPDATE
1122,2019-09-04 21:17:14,CREATE
1115,2019-09-04 21:17:19,RESOLUTION ADD
1115,2019-09-04 21:17:19,UPDATE
1123,2019-09-04 21:20:18,CREATE
1122,2019-09-04 21:21:08,UPDATE
1125,2019-09-04 21:21:21,CREATE
1123,2019-09-04 21:22:28,RESOLUTION ADD
1123,2019-09-04 21:22:28,UPDATE
1123,2019-09-04 21:23:09,UPDATE
1123,2019-09-04 21:23:30,UPDATE
1123,2019-09-04 21:24:13,UPDATE
1123,2019-09-04 21:24:31,UPDATE
1123,2019-09-04 21:24:31,RESOLVED
1123,2019-09-04 21:24:31,UPDATE
1123,2019-09-04 21:29:09,CLOSE
1115,2019-09-04 21:29:47,UPDATE
1115,2019-09-04 21:30:30,RESOLUTION UPDATE
1115,2019-09-04 21:30:30,UPDATE
1115,2019-09-04 21:30:30,RESOLVED
1115,2019-09-04 21:30:30,UPDATE
1118,2019-09-04 21:30:45,UPDATE
1127,2019-09-04 21:35:37,CREATE
900,2019-09-04 21:41:14,UPDATE
1125,2019-09-04 21:42:07,UPDATE
1125,2019-09-04 21:42:07,RESOLVED
1125,2019-09-04 21:42:07,UPDATE
1128,2019-09-04 21:44:50,CREATE
1127,2019-09-04 21:47:09,UPDATE
1129,2019-09-04 21:47:54,CREATE
1128,2019-09-04 21:50:17,UPDATE
1128,2019-09-04 21:50:17,RESOLVED
1128,2019-09-04 21:50:17,UPDATE
1129,2019-09-04 21:51:31,UPDATE
1129,2019-09-04 21:51:31,RESOLVED
1129,2019-09-04 21:51:31,UPDATE
1130,2019-09-04 21:54:02,CREATE
906,2019-09-04 21:56:11,RESOLUTION ADD
906,2019-09-04 21:56:11,UPDATE
906,2019-09-04 21:56:11,RESOLVED
906,2019-09-04 21:56:11,UPDATE
1130,2019-09-04 21:56:29,UPDATE
1130,2019-09-04 21:56:55,RESOLUTION ADD
1130,2019-09-04 21:56:55,UPDATE
908,2019-09-04 21:57:18,RESOLUTION ADD
908,2019-09-04 21:57:18,UPDATE
908,2019-09-04 21:57:18,RESOLVED
908,2019-09-04 21:57:18,UPDATE
1061,2019-09-04 21:57:56,UPDATE
911,2019-09-04 21:58:26,SLA_VIOLATION
1130,2019-09-04 21:58:43,UPDATE
911,2019-09-04 21:59:24,UPDATE
1130,2019-09-04 21:59:38,UPDATE
1130,2019-09-04 21:59:38,RESOLVED
1130,2019-09-04 21:59:38,UPDATE
1130,2019-09-04 22:00:09,CLOSE
911,2019-09-04 22:00:16,RESOLUTION UPDATE
911,2019-09-04 22:00:16,ATT_ADD
911,2019-09-04 22:00:16,UPDATE
911,2019-09-04 22:00:16,RESOLVED
911,2019-09-04 22:00:16,UPDATE
1092,2019-09-04 22:02:18,UPDATE
1092,2019-09-04 22:02:51,UPDATE
1131,2019-09-04 22:03:14,CREATE
1061,2019-09-04 22:03:39,UPDATE
1131,2019-09-04 22:05:11,UPDATE
1131,2019-09-04 22:05:29,UPDATE
910,2019-09-04 22:06:26,RESOLUTION ADD
910,2019-09-04 22:06:26,UPDATE
910,2019-09-04 22:06:26,RESOLVED
910,2019-09-04 22:06:26,UPDATE
28,2019-09-04 22:07:08,CLOSE
920,2019-09-04 22:07:08,UPDATE
1131,2019-09-04 22:07:09,UPDATE
1131,2019-09-04 22:07:37,RESOLUTION ADD
1131,2019-09-04 22:07:37,UPDATE
1131,2019-09-04 22:08:07,RESOLUTION UPDATE
1131,2019-09-04 22:08:07,UPDATE
1131,2019-09-04 22:08:50,UPDATE
1131,2019-09-04 22:08:50,RESOLVED
1131,2019-09-04 22:08:50,UPDATE
919,2019-09-04 22:10:38,UPDATE
1065,2019-09-04 22:11:27,UPDATE
1070,2019-09-04 22:12:54,RESOLUTION ADD
1070,2019-09-04 22:12:54,UPDATE
1070,2019-09-04 22:12:54,RESOLVED
1070,2019-09-04 22:12:54,UPDATE
1132,2019-09-04 22:14:26,CREATE
1132,2019-09-04 22:17:32,UPDATE
1132,2019-09-04 22:17:44,UPDATE
1132,2019-09-04 22:17:44,RESOLVED
1132,2019-09-04 22:17:44,UPDATE
1132,2019-09-04 22:18:20,RESOLUTION ADD
1132,2019-09-04 22:18:20,UPDATE
900,2019-09-04 22:18:54,UPDATE
1132,2019-09-04 22:19:00,CLOSE
900,2019-09-04 22:19:15,RESOLVED
900,2019-09-04 22:19:15,UPDATE
1118,2019-09-04 22:21:35,UPDATE
1118,2019-09-04 22:25:48,UPDATE
1133,2019-09-04 22:28:40,CREATE
1118,2019-09-04 22:29:43,ADD_requestworklog
1118,2019-09-04 22:29:43,ADD_requestResponse
7,2019-09-04 23:07:10,CLOSE
17,2019-09-04 23:07:10,CLOSE
20,2019-09-04 23:07:11,CLOSE
26,2019-09-04 23:07:11,CLOSE
11,2019-09-05 02:05:18,CREATE
1140,2019-09-05 02:07:45,CREATE
1140,2019-09-05 02:07:46,CREATE
1147,2019-09-05 03:15:00,CREATE
1133,2019-09-05 12:26:17,UPDATE
1114,2019-09-05 13:01:58,RESOLUTION ADD
1114,2019-09-05 13:01:58,UPDATE
24,2019-09-05 13:07:12,CLOSE
25,2019-09-05 13:07:12,CLOSE
1096,2019-09-05 13:07:40,UPDATE
1096,2019-09-05 13:13:37,RESOLUTION UPDATE
1096,2019-09-05 13:13:37,UPDATE
1150,2019-09-05 13:15:36,CREATE
1114,2019-09-05 13:16:49,UPDATE
1114,2019-09-05 13:17:39,RESOLUTION UPDATE
1114,2019-09-05 13:17:39,UPDATE
1114,2019-09-05 13:18:02,RESOLUTION UPDATE
1114,2019-09-05 13:18:02,UPDATE
1114,2019-09-05 13:18:02,RESOLVED
1114,2019-09-05 13:18:02,UPDATE
1114,2019-09-05 13:18:48,UPDATE
1114,2019-09-05 13:19:34,RESOLUTION UPDATE
1114,2019-09-05 13:19:34,UPDATE
1114,2019-09-05 13:19:34,RESOLVED
1114,2019-09-05 13:19:34,UPDATE
1040,2019-09-05 13:23:31,SLA_VIOLATION
1116,2019-09-05 13:24:21,UPDATE
1116,2019-09-05 13:25:55,RESOLUTION ADD
1116,2019-09-05 13:25:55,UPDATE
1116,2019-09-05 13:26:25,UPDATE
1151,2019-09-05 13:26:44,CREATE
1147,2019-09-05 13:28:16,RESOLUTION ADD
1147,2019-09-05 13:28:17,UPDATE
1150,2019-09-05 13:28:26,UPDATE
1147,2019-09-05 13:28:38,RESOLUTION UPDATE
1147,2019-09-05 13:28:38,UPDATE
1116,2019-09-05 13:29:24,UPDATE
1116,2019-09-05 13:29:24,RESOLVED
1116,2019-09-05 13:29:24,UPDATE
1147,2019-09-05 13:29:54,RESOLUTION UPDATE
1147,2019-09-05 13:29:54,UPDATE
1040,2019-09-05 13:35:27,UPDATE
1140,2019-09-05 13:47:04,RESOLUTION ADD
1140,2019-09-05 13:47:04,UPDATE
1140,2019-09-05 13:48:27,UPDATE
1140,2019-09-05 13:48:52,RESOLUTION UPDATE
1140,2019-09-05 13:48:52,UPDATE
1140,2019-09-05 13:48:52,COMPLETED
1147,2019-09-05 13:50:04,UPDATE
1147,2019-09-05 13:50:38,RESOLUTION UPDATE
1147,2019-09-05 13:50:38,UPDATE
1147,2019-09-05 13:50:38,COMPLETED
1133,2019-09-05 13:53:45,UPDATE
1119,2019-09-05 13:54:55,UPDATE
1119,2019-09-05 13:54:55,RESOLVED
1119,2019-09-05 13:54:55,UPDATE
1099,2019-09-05 13:56:36,UPDATE
1133,2019-09-05 13:58:27,UPDATE
1133,2019-09-05 13:58:57,UPDATE
1100,2019-09-05 14:12:58,UPDATE
917,2019-09-05 14:17:38,ADD_requestworklog
1092,2019-09-05 14:18:55,RESOLUTION ADD
1092,2019-09-05 14:18:55,UPDATE
1092,2019-09-05 14:18:55,RESOLVED
1092,2019-09-05 14:18:55,UPDATE
1152,2019-09-05 14:24:50,CREATE
1090,2019-09-05 14:29:28,RESOLUTION ADD
1090,2019-09-05 14:29:28,UPDATE
1090,2019-09-05 14:29:28,RESOLVED
1090,2019-09-05 14:29:28,UPDATE
1153,2019-09-05 14:31:56,CREATE
1153,2019-09-05 14:40:05,RESOLUTION ADD
1153,2019-09-05 14:40:05,UPDATE
1153,2019-09-05 14:40:05,COMPLETED
1152,2019-09-05 14:43:26,UPDATE
1154,2019-09-05 14:48:12,CREATE
1155,2019-09-05 14:49:14,CREATE
1155,2019-09-05 14:56:25,UPDATE
1155,2019-09-05 14:56:25,RESOLVED
1155,2019-09-05 14:56:25,UPDATE
1156,2019-09-05 14:57:23,CREATE
1154,2019-09-05 14:59:46,UPDATE
1122,2019-09-05 15:05:05,UPDATE
1122,2019-09-05 15:06:34,UPDATE
1156,2019-09-05 15:10:28,UPDATE
1158,2019-09-05 15:17:43,CREATE
1151,2019-09-05 15:17:52,UPDATE
1040,2019-09-05 15:18:20,ADD_requestworklog
1150,2019-09-05 15:18:33,UPDATE
1098,2019-09-05 15:19:31,UPDATE
919,2019-09-05 15:20:02,UPDATE
1081,2019-09-05 15:24:54,UPDATE
1158,2019-09-05 15:33:00,UPDATE
1158,2019-09-05 15:33:36,UPDATE
1159,2019-09-05 15:38:04,CREATE
1103,2019-09-05 15:41:03,UPDATE
1159,2019-09-05 15:43:16,UPDATE
1159,2019-09-05 15:43:54,UPDATE
1160,2019-09-05 15:45:12,CREATE
1160,2019-09-05 15:48:41,UPDATE
1104,2019-09-05 15:52:39,UPDATE
1104,2019-09-05 15:52:39,RESOLVED
1104,2019-09-05 15:52:39,UPDATE
1103,2019-09-05 15:52:52,UPDATE
1161,2019-09-05 15:53:27,CREATE
1103,2019-09-05 15:57:19,CREATE
1161,2019-09-05 16:00:37,UPDATE
11,2019-09-05 16:07:12,CLOSE
1113,2019-09-05 16:11:26,UPDATE
1154,2019-09-05 16:12:27,RESOLUTION ADD
1154,2019-09-05 16:12:27,UPDATE
1154,2019-09-05 16:12:27,RESOLVED
1154,2019-09-05 16:12:27,UPDATE
1087,2019-09-05 16:25:37,UPDATE
1087,2019-09-05 16:26:05,UPDATE
1086,2019-09-05 16:37:06,UPDATE
1162,2019-09-05 16:43:25,CREATE
1109,2019-09-05 16:44:23,UPDATE
1163,2019-09-05 16:44:27,CREATE
1163,2019-09-05 16:52:31,UPDATE
1163,2019-09-05 16:52:31,RESOLVED
1163,2019-09-05 16:52:31,UPDATE
1162,2019-09-05 16:54:07,UPDATE
1151,2019-09-05 16:58:35,ADD_requestworklog
1100,2019-09-05 17:02:01,ADD_requestworklog
1164,2019-09-05 17:06:19,CREATE
1165,2019-09-05 17:06:47,CREATE
1164,2019-09-05 17:06:49,UPDATE
1118,2019-09-05 17:08:33,SLA_VIOLATION
1118,2019-09-05 17:09:40,UPDATE
1165,2019-09-05 17:11:47,UPDATE
1165,2019-09-05 17:12:12,UPDATE
1166,2019-09-05 17:16:51,CREATE
1166,2019-09-05 17:17:08,UPDATE
1167,2019-09-05 17:17:58,CREATE
1167,2019-09-05 17:21:16,UPDATE
1168,2019-09-05 17:22:40,CREATE
1168,2019-09-05 17:23:00,UPDATE
1100,2019-09-05 17:24:21,ADD_requestworklog
1169,2019-09-05 17:25:47,CREATE
1167,2019-09-05 17:26:17,UPDATE
1169,2019-09-05 17:26:23,UPDATE
1170,2019-09-05 17:29:05,CREATE
1171,2019-09-05 17:29:16,CREATE
1170,2019-09-05 17:29:42,UPDATE
1173,2019-09-05 17:33:05,CREATE
1173,2019-09-05 17:33:28,UPDATE
1099,2019-09-05 17:36:10,ADD_requestworklog
1174,2019-09-05 17:36:19,CREATE
1174,2019-09-05 17:36:32,UPDATE
1171,2019-09-05 17:37:48,RESOLUTION ADD
1171,2019-09-05 17:37:48,UPDATE
1171,2019-09-05 17:37:48,RESOLVED
1171,2019-09-05 17:37:48,UPDATE
1175,2019-09-05 17:38:54,CREATE
1175,2019-09-05 17:39:13,UPDATE
1175,2019-09-05 17:42:53,RESOLUTION ADD
1175,2019-09-05 17:42:53,UPDATE
1175,2019-09-05 17:42:53,RESOLVED
1175,2019-09-05 17:42:53,UPDATE
1176,2019-09-05 17:46:28,CREATE
1176,2019-09-05 17:46:41,UPDATE
1176,2019-09-05 17:47:50,UPDATE
1178,2019-09-05 17:52:32,CREATE
1179,2019-09-05 17:52:59,CREATE
1179,2019-09-05 17:53:20,UPDATE
1167,2019-09-05 17:55:23,ADD_requestworklog
1180,2019-09-05 17:56:25,CREATE
1180,2019-09-05 17:56:35,UPDATE
1181,2019-09-05 17:59:50,CREATE
1181,2019-09-05 18:01:23,UPDATE
1180,2019-09-05 18:02:18,UPDATE
1180,2019-09-05 18:02:26,UPDATE
1122,2019-09-05 18:02:38,UPDATE
1122,2019-09-05 18:02:38,REPLY
1182,2019-09-05 18:06:38,CREATE
1182,2019-09-05 18:07:02,UPDATE
1183,2019-09-05 18:09:44,CREATE
1183,2019-09-05 18:09:55,UPDATE
1184,2019-09-05 18:17:30,CREATE
1184,2019-09-05 18:18:30,UPDATE
1185,2019-09-05 18:21:20,CREATE
1186,2019-09-05 18:22:18,CREATE
1187,2019-09-05 18:24:01,CREATE
1165,2019-09-05 18:25:55,UPDATE
1188,2019-09-05 18:26:21,CREATE
1189,2019-09-05 18:29:07,CREATE
1190,2019-09-05 18:35:00,COPY
1188,2019-09-05 18:38:21,UPDATE
1061,2019-09-05 18:40:56,RESOLUTION ADD
1061,2019-09-05 18:40:56,UPDATE
1061,2019-09-05 18:40:56,RESOLVED
1061,2019-09-05 18:40:56,UPDATE
1188,2019-09-05 18:52:27,UPDATE
1188,2019-09-05 18:52:27,RESOLVED
1188,2019-09-05 18:52:27,UPDATE
1191,2019-09-05 18:53:28,CREATE
1189,2019-09-05 18:54:24,UPDATE
1189,2019-09-05 18:54:24,RESOLVED
1189,2019-09-05 18:54:24,UPDATE
1192,2019-09-05 18:54:30,CREATE
1187,2019-09-05 18:56:19,UPDATE
1187,2019-09-05 18:56:19,RESOLVED
1187,2019-09-05 18:56:19,UPDATE
1178,2019-09-05 18:57:31,UPDATE
1178,2019-09-05 18:57:52,RESOLUTION ADD
1178,2019-09-05 18:57:52,UPDATE
1178,2019-09-05 18:58:11,UPDATE
1178,2019-09-05 18:58:30,UPDATE
1178,2019-09-05 18:58:30,RESOLVED
1178,2019-09-05 18:58:30,UPDATE
1178,2019-09-05 18:58:57,RESOLUTION UPDATE
1178,2019-09-05 18:58:57,UPDATE
1191,2019-09-05 19:02:22,UPDATE
1191,2019-09-05 19:02:22,RESOLVED
1191,2019-09-05 19:02:22,UPDATE
1192,2019-09-05 19:04:21,UPDATE
1192,2019-09-05 19:04:21,RESOLVED
1192,2019-09-05 19:04:21,UPDATE
1185,2019-09-05 19:07:15,UPDATE
1185,2019-09-05 19:07:15,RESOLVED
1185,2019-09-05 19:07:15,UPDATE
1193,2019-09-05 19:14:56,CREATE
1194,2019-09-05 19:15:58,CREATE
1194,2019-09-05 19:19:12,UPDATE
1194,2019-09-05 19:19:13,RESOLVED
1194,2019-09-05 19:19:13,UPDATE
1162,2019-09-05 19:23:43,CREATE
1162,2019-09-05 19:29:03,CLOSE
1162,2019-09-05 19:29:03,UPDATE
1195,2019-09-05 19:32:16,CREATE
1193,2019-09-05 19:33:17,UPDATE
1196,2019-09-05 19:34:20,CREATE
1195,2019-09-05 19:35:37,UPDATE
1196,2019-09-05 19:45:53,UPDATE
1195,2019-09-05 19:49:22,CLOSE
1195,2019-09-05 19:49:22,UPDATE
1196,2019-09-05 19:49:57,UPDATE
1109,2019-09-05 19:59:55,UPDATE
1196,2019-09-05 20:00:01,CLOSE
1196,2019-09-05 20:00:01,UPDATE
1109,2019-09-05 20:00:20,RESOLUTION ADD
1109,2019-09-05 20:00:20,RESOLUTION UPDATE
1109,2019-09-05 20:00:20,UPDATE
1109,2019-09-05 20:00:20,UPDATE
1109,2019-09-05 20:00:20,RESOLVED
1109,2019-09-05 20:00:20,UPDATE
1109,2019-09-05 20:00:20,RESOLVED
1109,2019-09-05 20:00:20,UPDATE
1065,2019-09-05 20:02:15,UPDATE
1065,2019-09-05 20:02:56,RESOLUTION ADD
1065,2019-09-05 20:02:56,UPDATE
1065,2019-09-05 20:02:56,RESOLVED
1065,2019-09-05 20:02:56,UPDATE
923,2019-09-05 20:07:12,CLOSE
1197,2019-09-05 20:08:19,CREATE
1198,2019-09-05 20:18:47,CREATE
1199,2019-09-05 20:23:09,CREATE
1186,2019-09-05 20:25:43,RESOLUTION ADD
1186,2019-09-05 20:25:43,UPDATE
1186,2019-09-05 20:26:22,UPDATE
1186,2019-09-05 20:26:52,UPDATE
1186,2019-09-05 20:26:52,RESOLVED
1186,2019-09-05 20:26:52,UPDATE
1199,2019-09-05 20:27:48,UPDATE
1199,2019-09-05 20:27:48,RESOLVED
1199,2019-09-05 20:27:48,UPDATE
1200,2019-09-05 20:38:36,CREATE
1152,2019-09-05 20:40:11,RESOLUTION ADD
1152,2019-09-05 20:40:11,UPDATE
1152,2019-09-05 20:40:11,RESOLVED
1152,2019-09-05 20:40:11,UPDATE
1200,2019-09-05 20:44:02,RESOLUTION ADD
1200,2019-09-05 20:44:02,UPDATE
1200,2019-09-05 20:44:02,RESOLVED
1200,2019-09-05 20:44:02,UPDATE
1156,2019-09-05 20:44:40,RESOLUTION ADD
1156,2019-09-05 20:44:40,UPDATE
1156,2019-09-05 20:44:40,RESOLVED
1156,2019-09-05 20:44:40,UPDATE
1197,2019-09-05 20:44:56,RESOLUTION ADD
1197,2019-09-05 20:44:56,UPDATE
1197,2019-09-05 20:45:28,UPDATE
1197,2019-09-05 20:45:51,UPDATE
1197,2019-09-05 20:45:51,RESOLVED
1197,2019-09-05 20:45:51,UPDATE
1201,2019-09-05 20:48:24,CREATE
1201,2019-09-05 20:50:10,UPDATE
1201,2019-09-05 20:50:37,UPDATE
1202,2019-09-05 21:09:49,CREATE
1201,2019-09-05 21:11:45,UPDATE
1202,2019-09-05 21:14:59,UPDATE
1202,2019-09-05 21:15:22,UPDATE
1103,2019-09-05 21:19:37,CREATE
1203,2019-09-05 21:19:46,CREATE
1202,2019-09-05 21:20:21,RESOLUTION ADD
1202,2019-09-05 21:20:22,UPDATE
1202,2019-09-05 21:20:22,RESOLVED
1202,2019-09-05 21:20:22,UPDATE
1103,2019-09-05 21:20:31,UPDATE
1203,2019-09-05 21:21:11,RESOLUTION ADD
1203,2019-09-05 21:21:12,UPDATE
1203,2019-09-05 21:21:12,RESOLVED
1203,2019-09-05 21:21:12,UPDATE
1103,2019-09-05 21:21:17,UPDATE
1167,2019-09-05 21:23:48,ADD_requestworklog
1204,2019-09-05 21:25:14,CREATE
1205,2019-09-05 21:25:21,CREATE
1206,2019-09-05 21:25:29,CREATE
1204,2019-09-05 21:32:47,RESOLUTION ADD
1204,2019-09-05 21:32:47,UPDATE
1204,2019-09-05 21:32:48,RESOLVED
1204,2019-09-05 21:32:48,UPDATE
1205,2019-09-05 21:33:25,RESOLUTION ADD
1205,2019-09-05 21:33:25,UPDATE
1205,2019-09-05 21:33:25,RESOLVED
1205,2019-09-05 21:33:25,UPDATE
1206,2019-09-05 21:34:05,RESOLUTION ADD
1206,2019-09-05 21:34:05,UPDATE
1206,2019-09-05 21:34:05,RESOLVED
1206,2019-09-05 21:34:05,UPDATE
1096,2019-09-05 21:35:59,UPDATE
1096,2019-09-05 21:35:59,RESOLVED
1096,2019-09-05 21:36:00,REPLY
1207,2019-09-05 21:41:17,CREATE
1207,2019-09-05 21:43:41,UPDATE
1207,2019-09-05 21:44:21,UPDATE
1198,2019-09-05 21:50:22,ADD_requestworklog
1208,2019-09-05 21:51:26,CREATE
1209,2019-09-05 21:52:20,CREATE
1210,2019-09-05 21:52:29,CREATE
1211,2019-09-05 21:53:31,CREATE
1209,2019-09-05 21:54:08,RESOLUTION ADD
1209,2019-09-05 21:54:08,UPDATE
1209,2019-09-05 21:54:41,UPDATE
1209,2019-09-05 21:55:00,RESOLUTION UPDATE
1209,2019-09-05 21:55:00,UPDATE
1209,2019-09-05 21:55:01,RESOLVED
1209,2019-09-05 21:55:01,UPDATE
1212,2019-09-05 21:56:30,CREATE
1210,2019-09-05 21:57:38,UPDATE
1213,2019-09-05 21:58:37,CREATE
1214,2019-09-05 21:58:37,CREATE
1215,2019-09-05 21:59:39,CREATE
1216,2019-09-05 21:59:40,CREATE
1208,2019-09-05 22:00:02,UPDATE
1207,2019-09-05 22:01:21,UPDATE
1217,2019-09-05 22:01:51,COPY
1218,2019-09-05 22:05:14,CREATE
1219,2019-09-05 22:13:33,CREATE
1213,2019-09-05 22:15:00,RESOLUTION ADD
1213,2019-09-05 22:15:00,UPDATE
1213,2019-09-05 22:15:42,UPDATE
1213,2019-09-05 22:16:02,RESOLUTION UPDATE
1213,2019-09-05 22:16:02,UPDATE
1213,2019-09-05 22:16:02,RESOLVED
1213,2019-09-05 22:16:02,UPDATE
1220,2019-09-05 22:16:33,COPY
1214,2019-09-05 22:16:44,UPDATE
1214,2019-09-05 22:17:02,RESOLUTION ADD
1214,2019-09-05 22:17:02,UPDATE
1214,2019-09-05 22:17:02,RESOLVED
1214,2019-09-05 22:17:02,UPDATE
1211,2019-09-05 22:17:03,UPDATE
1215,2019-09-05 22:17:41,UPDATE
1215,2019-09-05 22:17:56,RESOLUTION ADD
1215,2019-09-05 22:17:56,UPDATE
1215,2019-09-05 22:17:56,RESOLVED
1215,2019-09-05 22:17:56,UPDATE
1216,2019-09-05 22:18:01,UPDATE
1216,2019-09-05 22:18:02,RESOLVED
1216,2019-09-05 22:18:02,UPDATE
1221,2019-09-05 22:18:22,COPY
1218,2019-09-05 22:19:43,UPDATE
1221,2019-09-05 22:22:52,UPDATE
1220,2019-09-05 22:23:55,UPDATE
1222,2019-09-05 22:24:20,COPY
1219,2019-09-05 22:24:34,RESOLUTION ADD
1219,2019-09-05 22:24:35,UPDATE
1219,2019-09-05 22:24:35,RESOLVED
1219,2019-09-05 22:24:35,UPDATE
1223,2019-09-05 22:26:33,COPY
1207,2019-09-05 22:27:56,UPDATE
1207,2019-09-05 22:27:56,CLOSE
1207,2019-09-05 22:27:56,UPDATE
1224,2019-09-05 22:32:40,COPY
1225,2019-09-06 00:18:51,CREATE
1226,2019-09-06 01:24:06,CREATE
1226,2019-09-06 01:24:07,CREATE
1225,2019-09-06 12:38:57,UPDATE
1225,2019-09-06 12:39:22,UPDATE
1198,2019-09-06 12:51:40,UPDATE
1040,2019-09-06 13:05:41,UPDATE
1227,2019-09-06 13:09:25,CREATE
1096,2019-09-06 13:11:26,ADD_requestworklog
1041,2019-09-06 13:12:52,CLOSE
1042,2019-09-06 13:12:53,CLOSE
1043,2019-09-06 13:12:55,CLOSE
1227,2019-09-06 13:22:57,UPDATE
1208,2019-09-06 13:27:50,UPDATE
1227,2019-09-06 13:37:59,ADD_requestworklog
1227,2019-09-06 13:40:37,RESOLUTION ADD
1227,2019-09-06 13:40:37,ATT_ADD
1227,2019-09-06 13:40:37,UPDATE
1227,2019-09-06 13:40:55,RESOLUTION UPDATE
1227,2019-09-06 13:40:55,UPDATE
1227,2019-09-06 13:40:56,RESOLVED
1227,2019-09-06 13:40:56,UPDATE
1228,2019-09-06 13:41:07,COPY
1226,2019-09-06 13:42:30,RESOLUTION ADD
1226,2019-09-06 13:42:30,UPDATE
1226,2019-09-06 13:42:49,UPDATE
1226,2019-09-06 13:43:12,RESOLUTION UPDATE
1226,2019-09-06 13:43:12,UPDATE
1226,2019-09-06 13:43:12,RESOLVED
1226,2019-09-06 13:43:12,UPDATE
1229,2019-09-06 13:43:50,COPY
1230,2019-09-06 13:48:26,CREATE
1225,2019-09-06 13:52:40,RESOLUTION ADD
1225,2019-09-06 13:52:40,UPDATE
1225,2019-09-06 13:52:40,RESOLVED
1225,2019-09-06 13:52:40,UPDATE
1231,2019-09-06 13:57:18,CREATE
1231,2019-09-06 13:59:27,RESOLUTION ADD
1231,2019-09-06 13:59:27,UPDATE
1231,2019-09-06 13:59:27,RESOLVED
1231,2019-09-06 13:59:27,UPDATE
27,2019-09-06 14:01:29,RESOLUTION ADD
27,2019-09-06 14:01:29,UPDATE
1232,2019-09-06 14:01:45,CREATE
1232,2019-09-06 14:01:46,CREATE
27,2019-09-06 14:02:11,UPDATE
1232,2019-09-06 14:03:12,UPDATE
1232,2019-09-06 14:03:26,RESOLUTION ADD
1232,2019-09-06 14:03:26,UPDATE
1232,2019-09-06 14:03:27,RESOLVED
1232,2019-09-06 14:03:27,UPDATE
915,2019-09-06 14:12:58,CLOSE
1233,2019-09-06 14:23:36,COPY
1234,2019-09-06 14:33:49,COPY
1060,2019-09-06 14:40:32,RESOLUTION ADD
1060,2019-09-06 14:40:32,UPDATE
1060,2019-09-06 14:40:32,RESOLVED
1060,2019-09-06 14:40:32,UPDATE
1201,2019-09-06 14:58:41,RESOLUTION ADD
1201,2019-09-06 14:58:41,UPDATE
1201,2019-09-06 14:58:42,RESOLVED
1201,2019-09-06 14:58:42,UPDATE
1235,2019-09-06 15:03:41,COPY
1236,2019-09-06 15:17:24,CREATE
1236,2019-09-06 15:19:49,UPDATE
1237,2019-09-06 15:36:41,CREATE
1239,2019-09-06 15:54:01,CREATE
1240,2019-09-06 15:55:03,CREATE
1241,2019-09-06 15:55:03,CREATE
1235,2019-09-06 16:06:31,ADD_requestworklog
1242,2019-09-06 16:09:31,CREATE
1242,2019-09-06 16:12:17,UPDATE
898,2019-09-06 16:13:00,CLOSE
903,2019-09-06 16:13:01,CLOSE
904,2019-09-06 16:13:03,CLOSE
1050,2019-09-06 16:13:05,CLOSE
1241,2019-09-06 16:15:11,UPDATE
1240,2019-09-06 16:20:12,UPDATE
1069,2019-09-06 16:26:09,RESOLUTION ADD
1069,2019-09-06 16:26:09,UPDATE
1069,2019-09-06 16:26:09,RESOLVED
1069,2019-09-06 16:26:09,UPDATE
1239,2019-09-06 16:29:14,UPDATE
1077,2019-09-06 16:56:44,RESOLUTION ADD
1077,2019-09-06 16:56:44,UPDATE
1077,2019-09-06 16:56:45,RESOLVED
1077,2019-09-06 16:56:45,UPDATE
1040,2019-09-06 17:09:31,RESOLUTION ADD
1040,2019-09-06 17:09:32,UPDATE
1040,2019-09-06 17:09:32,RESOLVED
1040,2019-09-06 17:09:32,UPDATE
1052,2019-09-06 17:13:06,CLOSE
1243,2019-09-06 17:17:44,CREATE
1211,2019-09-06 17:17:55,RESOLUTION ADD
1211,2019-09-06 17:17:55,UPDATE
1211,2019-09-06 17:17:55,RESOLVED
1211,2019-09-06 17:17:55,UPDATE
1244,2019-09-06 17:19:22,CREATE
1245,2019-09-06 17:41:53,CREATE
1087,2019-09-06 17:44:11,UPDATE
1087,2019-09-06 17:44:11,REPLY
1246,2019-09-06 17:44:20,COPY
1236,2019-09-06 17:49:44,UPDATE
1236,2019-09-06 17:49:44,REPLY
1247,2019-09-06 17:51:31,COPY
1242,2019-09-06 17:53:11,UPDATE
1242,2019-09-06 17:53:11,REPLY
913,2019-09-06 17:57:59,SLA_VIOLATION
917,2019-09-06 17:57:59,SLA_VIOLATION
920,2019-09-06 17:57:59,SLA_VIOLATION
899,2019-09-06 18:13:08,CLOSE
905,2019-09-06 18:13:09,CLOSE
1055,2019-09-06 18:13:11,CLOSE
1244,2019-09-06 18:47:22,UPDATE
1248,2019-09-06 18:48:41,CREATE
1118,2019-09-06 18:56:38,RESOLUTION ADD
1118,2019-09-06 18:56:38,UPDATE
1118,2019-09-06 18:57:48,REPLY
1118,2019-09-06 19:03:32,RESOLUTION UPDATE
1118,2019-09-06 19:03:32,UPDATE
1118,2019-09-06 19:03:32,RESOLVED
1118,2019-09-06 19:03:32,UPDATE
1249,2019-09-06 19:57:02,CREATE
19,2019-09-06 20:13:14,CLOSE
1054,2019-09-06 20:13:14,CLOSE
1248,2019-09-06 20:13:23,RESOLUTION ADD
1248,2019-09-06 20:13:23,UPDATE
1248,2019-09-06 20:14:27,UPDATE
1248,2019-09-06 20:14:54,RESOLUTION UPDATE
1248,2019-09-06 20:14:54,UPDATE
1248,2019-09-06 20:14:54,RESOLVED
1248,2019-09-06 20:14:54,UPDATE
1249,2019-09-06 20:15:37,UPDATE
1249,2019-09-06 20:15:59,RESOLUTION ADD
1249,2019-09-06 20:15:59,UPDATE
1249,2019-09-06 20:15:59,RESOLVED
1249,2019-09-06 20:15:59,UPDATE
1250,2019-09-06 20:16:22,CREATE
1250,2019-09-06 20:49:34,RESOLUTION ADD
1250,2019-09-06 20:49:34,UPDATE
1250,2019-09-06 20:49:59,UPDATE
1250,2019-09-06 20:50:53,RESOLUTION UPDATE
1250,2019-09-06 20:50:53,UPDATE
1250,2019-09-06 20:50:53,RESOLVED
1250,2019-09-06 20:50:53,UPDATE
1251,2019-09-06 21:07:05,CREATE
29,2019-09-06 21:13:14,CLOSE
30,2019-09-06 21:13:14,CLOSE
35,2019-09-06 21:13:14,CLOSE
1252,2019-09-06 21:22:19,CREATE
1230,2019-09-06 21:53:00,FR_SLA_VIOLATION
1252,2019-09-06 22:14:26,UPDATE
1253,2019-09-06 22:15:32,CREATE
1252,2019-09-06 22:17:53,RESOLUTION ADD
1252,2019-09-06 22:17:53,UPDATE
1252,2019-09-06 22:18:16,UPDATE
1252,2019-09-06 22:18:35,RESOLUTION UPDATE
1252,2019-09-06 22:18:35,UPDATE
1252,2019-09-06 22:18:35,RESOLVED
1252,2019-09-06 22:18:35,UPDATE
1251,2019-09-06 22:19:21,UPDATE
1251,2019-09-06 22:20:01,RESOLUTION ADD
1251,2019-09-06 22:20:02,UPDATE
1251,2019-09-06 22:20:02,RESOLVED
1251,2019-09-06 22:20:02,UPDATE
1253,2019-09-06 22:21:17,UPDATE
1254,2019-09-06 22:29:02,CREATE
1254,2019-09-06 22:31:13,UPDATE
1254,2019-09-06 22:32:32,ADD_requestworklog
1254,2019-09-06 22:33:17,ADD_requestworklog
1254,2019-09-06 22:35:33,UPDATE_requestworklog
1255,2019-09-06 22:40:23,CREATE
1255,2019-09-06 22:42:14,UPDATE
1255,2019-09-06 22:44:54,ADD_requestworklog
1255,2019-09-06 22:47:12,ADD_requestworklog
1256,2019-09-06 22:50:56,CREATE
1256,2019-09-06 22:52:29,UPDATE
1256,2019-09-06 22:53:41,ADD_requestworklog
1256,2019-09-06 22:55:09,ADD_requestworklog
1256,2019-09-06 22:55:38,UPDATE_requestworklog
1257,2019-09-06 22:57:07,CREATE
1258,2019-09-06 22:57:46,CREATE
1258,2019-09-06 22:59:12,UPDATE
1258,2019-09-06 23:00:25,ADD_requestworklog
1258,2019-09-06 23:01:04,ADD_requestworklog
1258,2019-09-06 23:01:14,UPDATE_requestworklog
1067,2019-09-06 23:13:16,CLOSE
1086,2019-09-07 13:47:49,RESOLUTION ADD
1086,2019-09-07 13:47:49,UPDATE
1086,2019-09-07 13:50:08,UPDATE
1260,2019-09-08 17:29:42,CREATE
1261,2019-09-08 20:09:05,CREATE
1261,2019-09-08 20:11:37,ADD_requestworklog
1261,2019-09-08 20:18:09,ADD_requestworklog
1261,2019-09-08 20:18:38,UPDATE_requestworklog
1261,2019-09-08 20:18:43,UPDATE_requestworklog
1262,2019-09-08 20:35:00,CREATE
1262,2019-09-08 20:35:36,UPDATE
1262,2019-09-08 20:36:09,ADD_requestworklog
1262,2019-09-08 20:37:38,ADD_requestworklog
1261,2019-09-08 20:38:46,UPDATE
1263,2019-09-08 20:45:50,CREATE
1263,2019-09-08 20:46:26,UPDATE
1263,2019-09-08 20:46:52,ADD_requestworklog
1263,2019-09-08 20:48:28,ADD_requestworklog
1263,2019-09-08 20:48:35,UPDATE_requestworklog
1264,2019-09-08 20:50:12,CREATE
1264,2019-09-08 23:23:13,UPDATE
1264,2019-09-08 23:26:10,ADD_requestworklog
1264,2019-09-08 23:27:41,ADD_requestworklog
1264,2019-09-08 23:28:29,UPDATE_requestworklog
920,2019-09-09 12:23:36,UPDATE
920,2019-09-09 12:26:25,UPDATE
1237,2019-09-09 12:29:19,UPDATE
1260,2019-09-09 12:31:39,UPDATE
1260,2019-09-09 12:32:01,UPDATE
1260,2019-09-09 12:32:01,RESOLVED
1260,2019-09-09 12:32:01,UPDATE
1237,2019-09-09 12:33:13,ADD_requestworklog
1257,2019-09-09 12:36:03,UPDATE
1239,2019-09-09 12:44:11,UPDATE
1239,2019-09-09 12:44:11,RESOLVED
1239,2019-09-09 12:44:11,UPDATE
913,2019-09-09 12:50:16,UPDATE
1113,2019-09-09 13:43:10,SLA_VIOLATION
1253,2019-09-09 13:43:24,UPDATE
1240,2019-09-09 13:45:41,UPDATE
1244,2019-09-09 13:48:46,UPDATE
1266,2019-09-09 14:01:10,CREATE
1267,2019-09-09 14:02:12,CREATE
1103,2019-09-09 14:03:47,CREATE
1268,2019-09-09 14:08:19,CREATE
1266,2019-09-09 14:11:03,UPDATE
1268,2019-09-09 14:13:34,UPDATE
1173,2019-09-09 14:14:25,RESOLUTION ADD
1173,2019-09-09 14:14:25,ATT_ADD
1173,2019-09-09 14:14:25,UPDATE
1173,2019-09-09 14:14:25,RESOLVED
1173,2019-09-09 14:14:25,UPDATE
1266,2019-09-09 14:20:03,RESOLUTION ADD
1266,2019-09-09 14:20:03,UPDATE
1266,2019-09-09 14:20:03,RESOLVED
1266,2019-09-09 14:20:03,UPDATE
1268,2019-09-09 14:20:48,UPDATE
1268,2019-09-09 14:29:49,RESOLUTION ADD
1268,2019-09-09 14:29:49,ATT_ADD
1268,2019-09-09 14:29:49,UPDATE
1268,2019-09-09 14:29:49,RESOLVED
1268,2019-09-09 14:29:49,UPDATE
1267,2019-09-09 14:34:09,UPDATE
1267,2019-09-09 14:34:42,UPDATE
1096,2019-09-09 14:38:50,ADD_requestworklog
1269,2019-09-09 14:44:49,CREATE
1270,2019-09-09 14:45:53,CREATE
1271,2019-09-09 14:47:09,CREATE
1271,2019-09-09 14:47:56,UPDATE
1271,2019-09-09 14:49:36,ADD_requestworklog
1269,2019-09-09 14:49:43,UPDATE
913,2019-09-09 14:50:11,RESOLUTION ADD
913,2019-09-09 14:50:12,UPDATE
913,2019-09-09 14:50:12,RESOLVED
913,2019-09-09 14:50:12,UPDATE
1271,2019-09-09 14:50:41,ADD_requestworklog
1270,2019-09-09 14:50:43,UPDATE
1270,2019-09-09 14:50:43,RESOLVED
1270,2019-09-09 14:50:43,UPDATE
1272,2019-09-09 14:52:01,CREATE
1273,2019-09-09 14:53:07,CREATE
1273,2019-09-09 14:53:41,UPDATE
1273,2019-09-09 14:54:35,ADD_requestworklog
1273,2019-09-09 14:55:21,ADD_requestworklog
1273,2019-09-09 14:55:39,UPDATE_requestworklog
913,2019-09-09 15:01:36,CLOSE
1272,2019-09-09 15:08:13,RESOLUTION ADD
1272,2019-09-09 15:08:13,UPDATE
1272,2019-09-09 15:08:49,UPDATE
1272,2019-09-09 15:09:14,RESOLUTION UPDATE
1272,2019-09-09 15:09:14,UPDATE
1272,2019-09-09 15:11:03,UPDATE
1242,2019-09-09 15:11:36,UPDATE
1242,2019-09-09 15:11:36,REPLY
1270,2019-09-09 15:12:40,UPDATE
907,2019-09-09 15:13:18,CLOSE
1267,2019-09-09 15:15:48,ADD_requestworklog
1274,2019-09-09 15:21:26,CREATE
1242,2019-09-09 15:21:38,UPDATE
1275,2019-09-09 15:22:28,CREATE
1236,2019-09-09 15:23:52,RESOLUTION ADD
1236,2019-09-09 15:23:52,UPDATE
1236,2019-09-09 15:23:52,RESOLVED
1236,2019-09-09 15:23:52,UPDATE
1275,2019-09-09 15:25:47,UPDATE
1275,2019-09-09 15:25:47,RESOLVED
1275,2019-09-09 15:25:47,UPDATE
1274,2019-09-09 15:26:41,UPDATE
1274,2019-09-09 15:29:09,UPDATE
1274,2019-09-09 15:29:09,RESOLVED
1274,2019-09-09 15:29:09,UPDATE
1230,2019-09-09 15:40:35,CLOSE
1230,2019-09-09 15:40:35,UPDATE
1122,2019-09-09 15:42:22,CLOSE
1122,2019-09-09 15:42:22,UPDATE
1276,2019-09-09 16:04:46,CREATE
1277,2019-09-09 16:05:48,CREATE
1087,2019-09-09 16:08:38,UPDATE
1087,2019-09-09 16:08:38,REPLY
1278,2019-09-09 16:11:56,CREATE
1276,2019-09-09 16:12:23,UPDATE
1277,2019-09-09 16:12:59,UPDATE
1277,2019-09-09 16:12:59,RESOLVED
1277,2019-09-09 16:12:59,UPDATE
1045,2019-09-09 16:13:20,CLOSE
1278,2019-09-09 16:14:00,UPDATE
1272,2019-09-09 16:18:45,RESOLUTION UPDATE
1272,2019-09-09 16:18:45,UPDATE
1272,2019-09-09 16:18:45,RESOLVED
1272,2019-09-09 16:18:45,UPDATE
1279,2019-09-09 16:24:57,CREATE
1279,2019-09-09 16:25:47,UPDATE
1279,2019-09-09 16:26:24,ADD_requestworklog
1279,2019-09-09 16:27:15,ADD_requestworklog
1280,2019-09-09 16:58:10,CREATE
1280,2019-09-09 16:58:11,CREATE
1280,2019-09-09 17:00:56,UPDATE
1280,2019-09-09 17:08:02,UPDATE
1280,2019-09-09 17:08:37,UPDATE
1280,2019-09-09 17:08:37,RESOLVED
1280,2019-09-09 17:08:37,UPDATE
1088,2019-09-09 17:09:28,UPDATE
36,2019-09-09 17:13:22,CLOSE
901,2019-09-09 17:13:22,CLOSE
914,2019-09-09 17:13:23,CLOSE
918,2019-09-09 17:13:25,CLOSE
1058,2019-09-09 17:13:27,CLOSE
1078,2019-09-09 17:13:28,CLOSE
1080,2019-09-09 17:13:31,CLOSE
1093,2019-09-09 17:13:33,CLOSE
1094,2019-09-09 17:13:35,CLOSE
1095,2019-09-09 17:13:37,CLOSE
1150,2019-09-09 17:18:11,SLA_VIOLATION
1277,2019-09-09 17:22:44,UPDATE
1283,2019-09-09 17:22:50,CREATE
1283,2019-09-09 17:24:44,UPDATE
1283,2019-09-09 17:25:09,UPDATE
1283,2019-09-09 17:25:09,RESOLVED
1283,2019-09-09 17:25:09,UPDATE
1151,2019-09-09 17:28:11,SLA_VIOLATION
1277,2019-09-09 17:33:04,ADD_requestworklog
1284,2019-09-09 17:40:20,CREATE
1244,2019-09-09 17:51:37,REQ_CONVER
1212,2019-09-09 17:58:11,FR_SLA_VIOLATION
1217,2019-09-09 18:03:11,FR_SLA_VIOLATION
1284,2019-09-09 18:04:49,REQ_CONVER
1284,2019-09-09 18:10:04,UPDATE
1284,2019-09-09 18:10:47,UPDATE
1284,2019-09-09 18:11:38,RESOLUTION ADD
1284,2019-09-09 18:11:38,UPDATE
1284,2019-09-09 18:11:38,RESOLVED
1284,2019-09-09 18:11:38,UPDATE
921,2019-09-09 18:13:40,CLOSE
1220,2019-09-09 18:18:11,FR_SLA_VIOLATION
1221,2019-09-09 18:23:11,FR_SLA_VIOLATION
1151,2019-09-09 18:25:18,UPDATE
1150,2019-09-09 18:25:49,UPDATE
1222,2019-09-09 18:28:11,FR_SLA_VIOLATION
1223,2019-09-09 18:28:11,FR_SLA_VIOLATION
1224,2019-09-09 18:33:11,FR_SLA_VIOLATION
1113,2019-09-09 18:36:13,UPDATE
1167,2019-09-09 18:37:19,UPDATE
1285,2019-09-09 18:37:32,CREATE
1285,2019-09-09 18:48:29,UPDATE
909,2019-09-09 19:13:42,CLOSE
922,2019-09-09 19:13:43,CLOSE
1111,2019-09-09 19:13:45,CLOSE
1112,2019-09-09 19:13:47,CLOSE
1158,2019-09-09 19:18:11,SLA_VIOLATION
1286,2019-09-09 19:35:26,CREATE
1286,2019-09-09 19:38:15,UPDATE
1228,2019-09-09 19:43:11,FR_SLA_VIOLATION
1160,2019-09-09 19:48:11,SLA_VIOLATION
1229,2019-09-09 19:48:11,FR_SLA_VIOLATION
1158,2019-09-09 19:51:52,UPDATE
1160,2019-09-09 19:52:20,UPDATE
1161,2019-09-09 19:58:11,SLA_VIOLATION
1267,2019-09-09 20:03:11,SLA_VIOLATION
1267,2019-09-09 20:04:53,UPDATE
1091,2019-09-09 20:13:48,CLOSE
1233,2019-09-09 20:28:11,FR_SLA_VIOLATION
1253,2019-09-09 20:31:33,UPDATE
1253,2019-09-09 20:31:33,RESOLVED
1253,2019-09-09 20:31:33,UPDATE
1208,2019-09-09 20:32:53,UPDATE
1208,2019-09-09 20:32:53,RESOLVED
1208,2019-09-09 20:32:53,UPDATE
1234,2019-09-09 20:38:12,FR_SLA_VIOLATION
1287,2019-09-09 20:56:01,CREATE
1288,2019-09-09 20:57:03,CREATE
1287,2019-09-09 20:57:38,UPDATE
1288,2019-09-09 20:58:50,UPDATE
1288,2019-09-09 20:58:50,RESOLVED
1288,2019-09-09 20:58:50,UPDATE
1289,2019-09-09 21:07:24,CREATE
1235,2019-09-09 21:08:12,FR_SLA_VIOLATION
1066,2019-09-09 21:13:50,CLOSE
1068,2019-09-09 21:13:52,CLOSE
1071,2019-09-09 21:23:12,SLA_VIOLATION
1161,2019-09-09 21:23:23,UPDATE
1071,2019-09-09 21:25:35,UPDATE
1290,2019-09-09 21:29:55,CREATE
919,2019-09-09 21:30:24,UPDATE
1291,2019-09-09 21:32:25,CREATE
1244,2019-09-09 21:36:16,UPDATE
1244,2019-09-09 21:36:16,RESOLVED
1244,2019-09-09 21:36:16,UPDATE
1237,2019-09-09 21:38:12,FR_SLA_VIOLATION
1292,2019-09-09 21:41:27,CREATE
1290,2019-09-09 21:44:46,UPDATE
1293,2019-09-09 21:49:23,CREATE
1294,2019-09-09 21:52:50,CREATE
1295,2019-09-09 21:53:28,CREATE
1295,2019-09-09 21:57:13,UPDATE
1296,2019-09-09 22:01:59,CREATE
1296,2019-09-09 22:04:11,UPDATE
1297,2019-09-09 22:09:19,CREATE
1289,2019-09-09 22:12:00,UPDATE
1289,2019-09-09 22:12:30,UPDATE
1298,2019-09-09 22:13:41,CREATE
906,2019-09-09 22:13:54,CLOSE
908,2019-09-09 22:13:56,CLOSE
910,2019-09-09 22:13:58,CLOSE
911,2019-09-09 22:13:59,CLOSE
1070,2019-09-09 22:14:01,CLOSE
1115,2019-09-09 22:14:03,CLOSE
1125,2019-09-09 22:14:05,CLOSE
1128,2019-09-09 22:14:08,CLOSE
1129,2019-09-09 22:14:10,CLOSE
1131,2019-09-09 22:14:12,CLOSE
1297,2019-09-09 22:14:23,UPDATE
1298,2019-09-09 22:15:27,UPDATE
1298,2019-09-09 22:15:27,RESOLVED
1298,2019-09-09 22:15:27,UPDATE
1299,2019-09-09 22:21:51,CREATE
1299,2019-09-09 22:24:24,UPDATE
1296,2019-09-09 22:28:55,UPDATE
1278,2019-09-09 22:32:02,UPDATE
1276,2019-09-09 22:32:38,UPDATE
1081,2019-09-09 22:33:12,SLA_VIOLATION
1269,2019-09-09 22:33:23,UPDATE
900,2019-09-09 23:14:14,CLOSE
1300,2019-09-10 11:39:04,CREATE
1300,2019-09-10 12:25:50,UPDATE
1300,2019-09-10 12:25:50,RESOLVED
1300,2019-09-10 12:25:50,UPDATE
1289,2019-09-10 12:27:42,UPDATE
1301,2019-09-10 12:41:48,CREATE
1301,2019-09-10 12:44:46,UPDATE
1302,2019-09-10 12:57:47,CREATE
1301,2019-09-10 12:58:49,UPDATE
1303,2019-09-10 13:06:29,CREATE
1198,2019-09-10 13:07:44,UPDATE
1099,2019-09-10 13:09:35,UPDATE
1098,2019-09-10 13:16:19,UPDATE
1193,2019-09-10 13:18:15,SLA_VIOLATION
1243,2019-09-10 13:18:15,FR_SLA_VIOLATION
1304,2019-09-10 13:28:54,CREATE
1086,2019-09-10 13:33:15,SLA_VIOLATION
1245,2019-09-10 13:43:15,FR_SLA_VIOLATION
1246,2019-09-10 13:48:15,FR_SLA_VIOLATION
1088,2019-09-10 13:53:15,SLA_VIOLATION
1247,2019-09-10 13:53:15,FR_SLA_VIOLATION
1305,2019-09-10 13:55:36,CREATE
1303,2019-09-10 13:56:29,UPDATE
1303,2019-09-10 13:56:48,UPDATE
1303,2019-09-10 13:56:48,RESOLVED
1303,2019-09-10 13:56:48,UPDATE
1306,2019-09-10 13:58:40,CREATE
1304,2019-09-10 13:58:43,UPDATE
1304,2019-09-10 13:58:44,RESOLVED
1304,2019-09-10 13:58:44,UPDATE
1305,2019-09-10 13:59:56,UPDATE
1306,2019-09-10 14:01:18,UPDATE
1305,2019-09-10 14:04:57,RESOLUTION ADD
1305,2019-09-10 14:04:57,UPDATE
1305,2019-09-10 14:08:14,RESOLUTION UPDATE
1305,2019-09-10 14:08:14,UPDATE
1305,2019-09-10 14:08:14,RESOLVED
1305,2019-09-10 14:08:14,UPDATE
1098,2019-09-10 14:12:27,UPDATE
1089,2019-09-10 14:13:15,SLA_VIOLATION
1114,2019-09-10 14:14:16,CLOSE
1306,2019-09-10 14:14:17,RESOLUTION ADD
1306,2019-09-10 14:14:17,UPDATE
1306,2019-09-10 14:14:17,RESOLVED
1306,2019-09-10 14:14:17,UPDATE
1116,2019-09-10 14:14:17,CLOSE
1119,2019-09-10 14:14:19,CLOSE
1086,2019-09-10 14:19:18,ADD_requestworklog
919,2019-09-10 14:23:15,SLA_VIOLATION
1198,2019-09-10 14:23:15,SLA_VIOLATION
